 #,Geo_ID,Geo_Feature,Geography_Name,Geography_Type,LE_birth,LE_birth_LCL,LE_birth_UCL,Overall_MR,Overall_MR_LCL,Overall_MR_UCL,COVID_a,COVID_a_LCL,COVID_a_UCL,Poor_health,Poor_health_LCL,Poor_health_UCL,Poor_health_EST,MHI,MHI_LCL,MHI_UCL,100_FPL_Pop,100_FPL_Pct,200_FPL_Pop,200_FPL_Pct,100_FPL_Child_Pop,100_FPL_Child_Pct,200_FPL_Child_Pop,200_FPL_Child_Pct,Poverty_PST,Edu_LessHS_Pop,Edu_HSGrad_Pop,Edu_College_Pop,Edu_Bach_Pop,Edu_LessHS_Pct,Edu_LessHS_Pct_LCL,Edu_LessHS_Pct_UCL,Edu_HSGrad_Pct,Edu_HSGrad_Pct_LCL,Edu_HSGrad_Pct_UCL,Edu_College_Pct,Edu_College_Pct_LCL,Edu_College_Pct_UCL,Edu_Bach_Pct,Edu_Bach_Pct_LCL,Edu_Bach_Pct_UCL,Preschool,Preschool_LCL,Preschool_UCL,Grade3_Eng,Grade3_Eng_LCL,Grade3_Eng_UCL,Grade3_Math,Grade3_Math_LCL,Grade3_Math_UCL,Diff_Child_C,Diff_Child_C_LCL,Diff_Child_C_UCL,Diff_Child_C_EST,Voting,Voting_LCL,Voting_UCL,SE_Support,SE_Support_LCL,SE_Support_UCL,SE_Support_EST
0,hp_target,Healthy People 2030 Target,Healthy People 2030 Target,Healthy People 2030 Target,,,,,,,,,,,,,,,,,,8,,,,,,,,,,,,,,,,,,,,,,,,,,,,,,,,,,,,,,,,,,,
1,la_county,Los Angeles County,Los Angeles County,County,80.4,80.3,80.5,668.8,664,673.7,340,336.4,343.5,13.7,12.8,14.7,direct estimate,83411,82888,83934,1352167,13.8,3093515,31.6,381427,19.6,853786,44,15.3,1364653,1412260,1743178,2389559,19.8,19.6,19.9,20.4,20.2,20.6,25.2,25,25.4,34.6,34.4,34.8,48.8,47.6,49.9,44.7,44.3,45,47,46.6,47.3,38.8,35.3,42.3,direct estimate,73.1,73.1,73.1,61.8,60.4,63.1,direct estimate
2,spa_1,SPA 1,SPA 1: Antelope Valley,Service Planning Area,75.9,75.4,76.4,905.7,875.1,936.3,348,328.6,367.4,15.5,11.7,19.3,direct estimate,79235,76837,81632,76787,18.6,170604,41.2,26954,25.6,57896,54.9,1.5,53381,77815,80544,46591,20.7,19.7,21.6,30.1,28.9,31.3,31.2,30.2,32.1,18,17.3,18.8,34,28.3,39.8,27.5,26.3,28.7,25.8,24.7,27,45,33.1,56.8,direct estimate,70.6,70.4,70.8,59.7,54.1,65.4,direct estimate
3,spa_2,SPA 2,SPA 2: San Fernando,Service Planning Area,81,80.8,81.2,651.1,641.1,661.1,324.7,317.6,331.8,11.5,9.1,13.8,direct estimate,98353,97060,99645,252159,11.7,582559,27,64268,15.3,148478,35.4,3.4,242609,296005,415694,590865,15.7,15.4,16,19.2,18.8,19.5,26.9,26.5,27.3,38.2,37.8,38.6,51.7,49.3,54,50.1,49.3,50.8,52.1,51.4,52.9,30.8,23.2,38.5,direct estimate,75.7,75.6,75.8,65.2,61.9,68.6,direct estimate
4,spa_3,SPA 3,SPA 3: San Gabriel,Service Planning Area,81.3,81,81.5,636.1,625.6,646.7,335.5,327.5,343.5,14.3,12.3,16.4,direct estimate,93762,92393,95131,185464,10.8,436338,25.4,48181,14.8,113786,34.8,6.5,219013,272483,309735,425468,17.9,17.5,18.2,22.2,21.8,22.6,25.2,24.9,25.6,34.7,34.3,35.1,50.9,48.1,53.7,51.1,50.3,51.9,53.3,52.6,54.1,39,31.8,46.2,direct estimate,75.6,75.5,75.7,61.8,58.9,64.6,direct estimate
5,spa_4,SPA 4,SPA 4: Metro,Service Planning Area,81.6,81.3,82,600.2,586.8,613.7,380.3,369.5,391.1,19.7,16.3,23.1,direct estimate,72912,71493,74332,199688,18.3,443359,40.7,44379,26.1,95170,55.9,35.7,179798,144517,175842,343696,21.3,20.8,21.8,17.1,16.7,17.6,20.8,20.4,21.3,40.7,40.2,41.3,54.8,51.1,58.5,40.4,39.3,41.5,42.5,41.4,43.7,55.4,43.4,67.4,direct estimate,71.4,71.3,71.5,54.1,50.2,58,direct estimate
6,spa_5,SPA 5,SPA 5: West,Service Planning Area,84.3,83.9,84.7,502.7,487.7,517.6,153.1,145,161.3,5.7,4.1,7.2,direct estimate,124923,121556,128289,58356,9,124215,19.1,8391,8.9,18743,19.9,2.8,24232,41037,88511,320343,5.1,4.7,5.5,8.7,8.2,9.1,18.7,18,19.3,67.6,66.8,68.4,71.5,67.4,75.6,66.7,65.1,68.2,67.9,66.4,69.4,40,30.3,49.7,direct estimate,79,78.9,79.1,69.6,66.4,72.9,direct estimate
7,spa_6,SPA 6,SPA 6: South,Service Planning Area,75.8,75.5,76.2,896,875.6,916.3,503.1,487.9,518.3,18.1,15,21.3,direct estimate,58898,57564,60233,234240,23.6,519976,52.4,82613,33.7,171530,70,56,242298,157078,149248,89229,38,37.4,38.6,24.6,24,25.2,23.4,22.9,23.9,14,13.5,14.4,37.9,34.8,41,28,27.1,28.8,32.1,31.2,32.9,39.9,31,48.7,direct estimate,59.5,59.4,59.6,53.2,48.8,57.6,direct estimate
8,spa_7,SPA 7,SPA 7: East,Service Planning Area,79.9,79.6,80.2,693,678.9,707.1,409.2,398.3,420,14.5,12,16.9,direct estimate,82888,81495,84281,151705,12.1,379048,30.1,50347,18.3,122815,44.7,9.9,225113,217727,228491,180147,26.4,25.9,26.9,25.6,25.1,26.1,26.8,26.4,27.3,21.2,20.7,21.6,43.5,40.5,46.6,41.3,40.5,42.1,44.2,43.4,45.1,31.5,23.4,39.6,direct estimate,72.6,72.5,72.7,61.5,57.9,65.1,direct estimate
9,spa_8,SPA 8,SPA 8: South Bay,Service Planning Area,80.1,79.8,80.4,680.7,668.5,692.9,262.5,253.6,271.4,11.5,9.2,13.8,direct estimate,94702,93090,96314,193768,12.8,437416,28.9,56294,18.4,125368,40.9,14.3,178209,205598,295113,393220,16.6,16.2,17,19.2,18.8,19.6,27.5,27.1,28,36.7,36.2,37.1,50.2,47.3,53.1,49.6,48.7,50.4,52.2,51.4,53.1,43.1,32.6,53.6,direct estimate,73.7,73.6,73.8,65,61.4,68.7,direct estimate
10,sd_1,District 1,District 1,Supervisorial District,80.7,80.5,81,647.3,636.9,657.8,402.4,394.1,410.7,18.2,15.8,20.6,direct estimate,78633,77549,79718,286830,14.9,664362,34.5,77103,21,175187,47.6,20.4,349734,318930,329446,391464,25.2,24.8,25.5,23,22.6,23.3,23.7,23.4,24,28.2,27.8,28.5,47.1,44.5,49.8,42,41.2,42.7,44.5,43.7,45.2,43.8,36.4,51.3,direct estimate,71.4,71.3,71.5,55,52,58.1,direct estimate
11,sd_2,District 2,District 2,Supervisorial District,79,78.8,79.2,724.2,712.3,736,373.4,364.9,382,16.9,14.5,19.2,direct estimate,77179,75920,78437,354611,18.1,790423,40.4,112829,26.8,237027,56.2,35.9,344809,276907,324720,397511,25.7,25.3,26.1,20.6,20.2,21,24.2,23.8,24.5,29.6,29.2,30,44.7,42.2,47.1,37.6,36.9,38.3,41.2,40.5,41.9,43.2,35,51.4,direct estimate,67.6,67.5,67.7,57.1,53.9,60.3,direct estimate
12,sd_3,District 3,District 3,Supervisorial District,81.8,81.6,82,607.3,597.4,617.1,282.2,275.5,288.9,10.8,8.6,12.9,direct estimate,100133,98683,101582,243338,12.1,555110,27.7,57009,16,132144,37,5.7,217510,241421,335616,664472,14.9,14.6,15.2,16.5,16.2,16.9,23,22.6,23.4,45.5,45.1,46,55.6,53.2,58.1,49.5,48.7,50.3,51.2,50.4,52,39.3,31,47.7,direct estimate,75.4,75.3,75.5,66.2,63.2,69.2,direct estimate
13,sd_4,District 4,District 4,Supervisorial District,79.9,79.6,80.1,695.4,684.4,706.3,344.4,335.7,353,12.2,10.4,13.9,direct estimate,88276,87092,89461,254340,12.5,605857,29.7,79092,18.4,186304,43.4,12.3,300390,317393,384920,401623,21.4,21,21.8,22.6,22.2,23,27.4,27,27.8,28.6,28.2,29,46.6,44.2,49,45.4,44.7,46.1,47.8,47.1,48.4,35.7,28.3,43,direct estimate,73.4,73.3,73.5,63.3,60.5,66.1,direct estimate
14,sd_5,District 5,District 5,Supervisorial District,80.5,80.2,80.7,679.2,668.3,690,294.4,286.8,301.9,11.3,9.3,13.3,direct estimate,101251,99791,102710,213048,11.4,477763,25.6,55394,15.1,123124,33.7,1.9,152210,257609,368476,534489,11.6,11.3,11.9,19.6,19.2,20,28.1,27.7,28.5,40.7,40.3,41.1,50.8,48,53.6,49.7,49,50.5,51,50.3,51.8,33.5,26.2,40.7,direct estimate,77.3,77.2,77.4,66.2,63.3,69.2,direct estimate
16,csa_city_alhambra,Alhambra,City of Alhambra,Incorporated City,84.2,83.1,85.3,508.3,468.2,548.4,258.6,230,287.1,14.9,12.3,17.5,small area estimate,80234,75903,84565,9968,12.2,23084,28.3,1975,15,4689,35.5,0,10481,13196,14528,23804,16.9,15.3,18.5,21.3,19.5,23,23.4,21.8,25.1,38.4,36.2,40.5,44.9,35.2,54.6,50.1,46,54.2,54,49.9,58,,,,,73.1,72.7,73.5,53.9,50,57.9,small area estimate
17,csa_city_arcadia,Arcadia,City of Arcadia,Incorporated City,84,83,85,542.5,492,593,246.4,213.7,279,11.2,9.3,13.2,small area estimate,108214,101699,114729,4443,8,10140,18.2,832,8.2,1987,19.5,0,2960,6937,8313,22194,7.3,5.9,8.7,17.2,15.2,19.1,20.6,18.4,22.8,54.9,51.9,58,62.9,47.1,78.7,77.1,73.7,80.5,80.7,77.5,83.8,,,,,77.6,77.1,78.1,62.8,59.1,66.4,small area estimate
20,csa_city_azusa,Azusa,City of Azusa,Incorporated City,80.5,78.8,82.3,656.1,583.1,729.1,422.8,359.9,485.6,14.3,12.1,16.5,small area estimate,81516,75615,87417,6323,12.8,15351,31,1938,19.4,4745,47.4,0,6280,7730,9030,8417,20,17.8,22.1,24.6,22.3,26.8,28.7,26.4,31,26.8,23.9,29.6,45.9,29,62.8,26.7,22.5,31,29.2,24.9,33.6,,,,,72.1,71.5,72.7,66.2,62.6,69.9,small area estimate
21,csa_city_baldwin_park,Baldwin Park,City of Baldwin Park,Incorporated City,79.3,78.1,80.5,727.8,664.7,790.9,627.8,568.2,687.3,15.5,13.1,17.9,small area estimate,76002,71316,80688,8894,12.7,21652,30.8,2736,17.9,6778,44.2,4.1,15838,14334,11072,6787,33,30.7,35.2,29.8,27.7,31.9,23.1,21.2,24.9,14.1,12.8,15.5,40.4,28.5,52.3,32.8,29.2,36.3,33.7,30.1,37.2,,,,,68.5,68,69,59.7,56.2,63.3,small area estimate
22,csa_city_bell,Bell,City of Bell,Incorporated City,79,76.6,81.3,706.4,607.5,805.3,568.7,479.7,657.7,17.2,14,20.5,small area estimate,56685,52385,60985,7263,21.9,18093,54.4,2641,31.6,5900,70.6,18.2,8771,6234,3905,1832,42.3,38.4,46.2,30.1,26.6,33.5,18.8,16.4,21.2,8.8,7,10.7,,,,35.5,30,40.9,35.8,30.4,41.2,,,,,63.7,62.9,64.5,57.6,52.3,62.9,small area estimate
23,csa_city_bell_gardens,Bell Gardens,City of Bell Gardens,Incorporated City,79.9,77.8,82,677.8,579.9,775.7,545.3,459.2,631.4,17.8,14.5,21.1,small area estimate,53935,49355,58515,9871,25.7,24541,64,3702,37.9,8335,85.4,59.1,11586,6714,4227,1476,48.3,44.2,52.3,28,25,30.9,17.6,15.2,20,6.1,4.9,7.4,48.6,32.9,64.3,23.9,19.7,28,28.1,23.8,32.5,,,,,63.7,63,64.4,56.3,51,61.7,small area estimate
24,csa_city_bellflower,Bellflower,City of Bellflower,Incorporated City,79.5,78.2,80.8,708.8,648.9,768.7,440.9,392.1,489.7,12.2,9.9,14.5,small area estimate,75379,71243,79515,10286,13.4,23133,30.1,3205,18.4,7402,42.6,0,11826,13502,17232,10396,22.3,20.2,24.5,25.5,23.6,27.4,32.5,30.4,34.7,19.6,18,21.2,53,43.8,62.2,24.6,20.2,29,29,24.4,33.6,,,,,70.7,70.3,71.1,64.5,60.4,68.6,small area estimate
25,csa_city_beverly_hills,Beverly Hills,City of Beverly Hills,Incorporated City,84.6,83.1,86,501.6,440.8,562.5,97.6,72.9,122.3,6.2,4.5,7.9,small area estimate,116771,103698,129844,3313,10.3,7320,22.9,448,8.7,1097,21.2,0,918,2868,4789,16274,3.7,2.3,5.1,11.5,9.3,13.8,19.3,16.5,22,65.5,61.3,69.7,83.5,57.7,109.4,72.6,66.1,79.2,75,68.8,81.2,,,,,80.1,79.6,80.6,70.6,67.2,74.1,small area estimate
27,csa_city_burbank,Burbank,City of Burbank,Incorporated City,81,80.2,81.8,682.7,638.7,726.7,286.8,258.1,315.5,10.1,7.9,12.3,small area estimate,91455,85918,96992,11374,10.8,25024,23.9,2141,11.9,4701,26.2,0,5589,11992,25475,35079,7.2,6.2,8.1,15.3,14,16.7,32.6,30.6,34.6,44.9,42.4,47.4,51.3,38.3,64.2,56.7,53.5,59.9,56.9,53.8,60.1,,,,,79.7,79.4,80,66.8,63.4,70.3,small area estimate
28,csa_city_calabasas,Calabasas,City of Calabasas,Incorporated City,84.2,82.2,86.2,510.6,427.2,594,167.7,120.7,214.6,5.7,3.8,7.5,small area estimate,154079,137341,170817,2244,9.9,4736,20.9,435,10.1,951,22.1,0,287,1414,3174,11419,,,,8.7,6.2,11.1,19.5,16.4,22.6,70.1,64,76.2,70.7,66.2,75.1,63.5,57.3,69.7,67.1,61.1,73.1,,,,,83.9,83.3,84.5,75.8,72.2,79.4,small area estimate
29,csa_city_carson,Carson,City of Carson,Incorporated City,80.2,79.2,81.2,695.4,649.5,741.2,303.5,272.5,334.6,10.3,7.8,12.7,small area estimate,103045,97671,108419,8678,9.5,19613,21.4,1986,12,4707,28.4,0,11918,14790,20750,19977,17.7,16.1,19.3,21.9,20.2,23.6,30.8,28.8,32.7,29.6,27.5,31.7,39.8,26.1,53.4,41.8,38.4,45.3,44.9,41.4,48.4,,,,,70.2,69.8,70.6,67.9,63.5,72.3,small area estimate
30,csa_city_cerritos,Cerritos,City of Cerritos,Incorporated City,82.8,81.4,84.1,573.3,522.3,624.3,151.1,123.8,178.3,8,5.8,10.3,small area estimate,124460,119272,129648,1959,4.1,4907,10.1,384,4.9,854,10.9,0,2190,4925,9135,20044,6,4.9,7.2,13.6,12,15.1,25.2,23.1,27.2,55.2,52.7,57.7,56.2,44.1,68.3,70.8,67.7,74,74.1,71.1,77.1,,,,,79.2,78.8,79.6,70.9,65.9,75.8,small area estimate
32,csa_city_claremont,Claremont,City of Claremont,Incorporated City,81.7,80.4,82.9,669.8,601.7,737.9,206,169.4,242.5,7.6,6.1,9.2,small area estimate,115091,104620,125562,1238,3.4,3103,8.5,229,4.2,670,12.3,0,1360,2884,6228,14204,5.5,4.2,6.9,11.7,9.1,14.3,25.2,22.1,28.4,57.6,53.5,61.6,50.5,34.1,67,56.8,52.1,61.5,60.3,55.7,65,,,,,82.9,82.4,83.4,73.5,70.3,76.6,small area estimate
34,csa_city_compton,Compton,City of Compton,Incorporated City,75.2,74.2,76.2,983.4,911.4,1055.4,450,402.9,497.1,13.9,11,16.9,small area estimate,69728,65633,73823,17145,18.3,39241,42,6436,25.8,14636,58.7,29.8,21432,16539,14995,6166,36.2,34,38.5,28,26.4,29.5,25.4,23.5,27.2,10.4,9.1,11.7,34.3,28.3,40.3,35.8,32.9,38.8,43.4,40.4,46.4,,,,,60.4,60,60.8,65.6,60.8,70.4,small area estimate
35,csa_city_covina,Covina,City of Covina,Incorporated City,79.3,77.9,80.7,720,651.8,788.2,451.7,397,506.4,12.5,10.6,14.5,small area estimate,89650,84156,95144,4392,8.8,10723,21.4,1207,11.9,3031,29.8,0,4552,9603,11975,9254,12.9,11.1,14.6,27.1,24.2,30.1,33.8,31,36.7,26.2,23.8,28.5,39,26.5,51.5,47.7,42.9,52.5,46.1,41.3,50.8,,,,,76.3,75.8,76.8,65.1,61.6,68.7,small area estimate
36,csa_city_cudahy,Cudahy,City of Cudahy,Incorporated City,,,,714.5,588.8,840.3,579.4,461.6,697.1,18.8,15.3,22.3,small area estimate,49596,43528,55664,6484,29.3,15749,71.2,2483,42.5,5109,87.5,33.3,6338,3881,2596,711,46.9,42.4,51.4,28.7,24.8,32.6,19.2,16.2,22.2,5.3,3.3,7.2,33,16.8,49.2,32.1,27.4,36.8,32.3,27.6,37,,,,,59.9,58.9,60.9,55,49.6,60.3,small area estimate
37,csa_city_culver_city,Culver City,City of Culver City,Incorporated City,84,82.6,85.4,521.7,463.9,579.5,294.7,250.4,339,6.8,4.8,8.7,small area estimate,114429,103053,125805,2242,5.6,5338,13.4,479,6.5,1159,15.8,0,1974,3110,6395,19344,6.4,4.6,8.2,10.1,8.4,11.8,20.7,17.5,24,62.8,58.2,67.3,82.5,70.3,94.7,65.4,61.2,69.7,69,64.9,73.2,,,,,83.7,83.3,84.1,70.9,67.5,74.2,small area estimate
38,csa_city_diamond_bar,Diamond Bar,City of Diamond Bar,Incorporated City,84.4,83.2,85.6,514.1,460.3,568,175.9,145.8,206,11.6,9.3,13.8,small area estimate,106881,99751,114011,4078,7.6,9433,17.6,717,7.8,1736,18.8,0,3025,5687,10547,20796,7.6,6.2,8.9,14.2,12.8,15.6,26.3,23.8,28.9,51.9,49.1,54.7,47.8,31,64.5,74,70.7,77.3,75.4,72.2,78.5,,,,,79.1,78.7,79.5,63,58.6,67.4,small area estimate
39,csa_city_downey,Downey,City of Downey,Incorporated City,80.1,79.2,81.1,690,641.5,738.4,390.9,354.6,427.1,10.2,8.1,12.2,small area estimate,84236,80312,88160,9409,8.4,24108,21.6,2903,12.2,7457,31.2,0,15183,19473,22729,19359,19.8,18.2,21.4,25.4,23.8,26.9,29.6,27.7,31.5,25.2,23.4,27.1,41.5,30.2,52.9,49.1,46.4,51.7,50.7,48,53.4,,,,,74.1,73.8,74.4,65.5,61.5,69.6,small area estimate
40,csa_city_duarte,Duarte,City of Duarte,Incorporated City,82.1,80.1,84,611.3,527.2,695.4,413.8,343.5,484.2,12.7,10.7,14.6,small area estimate,93908,84082,103734,1871,8.9,4379,20.8,401,11.1,983,27.1,0,2624,3934,4367,5446,16,12.9,19.2,24,19.7,28.4,26.7,23.3,30,33.3,29,37.5,32,15.2,48.7,39.7,32.1,47.4,41.7,33.9,49.4,,,,,79,78.3,79.7,68.1,65,71.3,small area estimate
41,csa_city_el_monte,El Monte,City of El Monte,Incorporated City,79.7,78.8,80.7,698.7,650.7,746.7,529.4,487.4,571.4,19.9,16.9,23,small area estimate,59929,57025,62833,19195,18,46588,43.7,6136,26.1,14361,61.1,37.2,26445,21345,15454,10027,36.1,34,38.1,29.1,27,31.2,21.1,19.6,22.6,13.7,12.5,14.8,41.9,33.5,50.3,34.8,31.8,37.8,37.6,34.6,40.6,,,,,67.3,66.9,67.7,51.6,47.8,55.4,small area estimate
43,csa_city_gardena,Gardena,City of Gardena,Incorporated City,79.9,78.4,81.4,682.4,626.3,738.6,369.4,327.4,411.4,14.4,11.6,17.2,small area estimate,75443,71357,79529,7465,12.5,16697,28,1861,16.7,4251,38.2,0,8578,9908,13232,11669,19.8,17.3,22.2,22.8,20.9,24.8,30.5,28,33,26.9,24.8,29,51.9,34.8,69,46.8,42.1,51.6,52,47.3,56.7,,,,,69.3,68.8,69.8,60.8,56.6,65.1,small area estimate
44,csa_city_glendale,Glendale,City of Glendale,Incorporated City,82.4,81.8,83.1,590,562.1,618,350.9,329.8,372,11.9,9.1,14.7,small area estimate,81219,78707,83731,26545,13.8,57096,29.7,4444,14.1,9795,31.1,4.8,16253,30434,34562,63225,11.2,10.3,12.2,21.1,19.8,22.4,23.9,22.6,25.2,43.8,42.2,45.3,56.4,48.7,64.1,60.6,58.2,63,63.7,61.4,66.1,,,,,72,71.7,72.3,58.3,53.4,63.3,small area estimate
45,csa_city_glendora,Glendora,City of Glendora,Incorporated City,79,77.7,80.3,759.1,692.7,825.5,348.3,304.1,392.4,10.3,8.5,12.1,small area estimate,106718,97358,116078,3778,7.3,8514,16.5,899,9.2,2114,21.6,0,2589,7800,12232,13482,7.2,6,8.3,21.6,19.4,23.8,33.9,31.6,36.1,37.3,34.7,40,61.5,43.8,79.2,59,55,63.1,60.2,56.2,64.3,,,,,81.5,81.1,81.9,72.6,69.5,75.6,small area estimate
47,csa_city_hawthorne,Hawthorne,City of Hawthorne,Incorporated City,81.3,79.8,82.8,624.1,569.6,678.6,383.5,339.9,427.2,14,11.3,16.7,small area estimate,72298,68704,75892,14707,17,33136,38.4,4801,24,10308,51.5,7.8,12221,13869,16941,13868,21.5,19.4,23.5,24.4,22.5,26.3,29.8,27.6,32,24.4,22.1,26.7,35.7,25.6,45.8,42.3,39,45.6,46.4,43.1,49.7,,,,,71.8,71.4,72.2,60,55.6,64.4,small area estimate
50,csa_city_huntington_park,Huntington Park,City of Huntington Park,Incorporated City,79.8,78.2,81.3,708.8,630.7,787,503.4,438.5,568.3,20.1,16.3,24,small area estimate,54073,49756,58390,10488,19.6,26747,50.1,3719,28.9,9334,72.6,32.3,15887,8935,6754,2648,46.4,43.5,49.4,26.1,24,28.2,19.7,17.7,21.8,7.7,6.2,9.2,36.8,26.4,47.3,29.6,26.4,32.8,36.2,32.9,39.5,,,,,64.3,63.7,64.9,55.1,50.6,59.6,small area estimate
51,csa_city_inglewood,Inglewood,City of Inglewood,Incorporated City,78.5,77.5,79.5,772.4,720.8,824,404.6,366.8,442.4,13.3,10.7,15.9,small area estimate,67563,64431,70695,16237,15.3,36425,34.3,4894,22.2,11080,50.2,14.9,16610,17207,23300,16899,22.4,20.8,24.1,23.2,21.4,25.1,31.5,29.3,33.6,22.8,21.3,24.4,38.3,28.7,47.9,30.1,26.8,33.3,29.4,26.2,32.7,,,,,68.9,68.5,69.3,62.2,57.4,67.1,small area estimate
55,csa_city_la_mirada,La Mirada,City of La Mirada,Incorporated City,81.9,80.6,83.1,631.6,572.4,690.8,331.1,287.4,374.7,9.9,7.5,12.4,small area estimate,104130,96789,111471,2351,4.9,5932,12.3,505,6.2,1389,17.1,0,3136,7033,9821,12682,9.6,7.9,11.3,21.5,19.4,23.6,30.1,27.4,32.7,38.8,35.9,41.7,26.1,16.5,35.7,53.8,48.5,59.1,56.9,51.6,62.1,,,,,79.8,79.4,80.2,68.4,63,73.8,small area estimate
56,csa_city_la_puente,La Puente,City of La Puente,Incorporated City,80.3,78.6,82.1,655.4,575.1,735.7,455.9,389.1,522.7,14,11.5,16.6,small area estimate,77702,70390,85014,3513,9.4,8807,23.5,1139,13.8,2880,35,0,8686,7822,6065,2926,34.1,30,38.1,30.7,27.8,33.6,23.8,21.1,26.5,11.5,9.8,13.1,30.6,17.8,43.5,35.4,30,40.8,34.6,29.3,40,,,,,70,69.3,70.7,65.6,61.5,69.7,small area estimate
57,csa_city_la_verne,La Verne,City of La Verne,Incorporated City,80,78.3,81.6,728.5,655.1,802,192.5,154.4,230.6,11,9,13,small area estimate,103816,95399,112233,2523,7.9,5837,18.2,537,9.5,1352,23.9,0,1450,4474,7180,9347,6.5,4.9,8,19.9,16.7,23.1,32,28.5,35.5,41.6,38,45.3,72.5,44.5,100.5,70.9,66.1,75.6,73.4,68.8,78.1,,,,,83.4,82.9,83.9,71.8,68.8,74.8,small area estimate
58,csa_city_lakewood,Lakewood,City of Lakewood,Incorporated City,80.6,79.5,81.6,676,624.3,727.8,227.3,196.1,258.5,8.2,6.2,10.2,small area estimate,113030,109724,116336,4249,5.3,10171,12.7,1042,6.4,2660,16.3,0,5532,12680,20344,18940,9.6,8.1,11.1,22.1,20.1,24,35.4,33.3,37.5,32.9,31.1,34.8,43.5,33.6,53.4,47.7,44.3,51.1,46,42.7,49.4,,,,,79.2,78.9,79.5,74.7,70.8,78.6,small area estimate
59,csa_city_lancaster,Lancaster,City of Lancaster,Incorporated City,74.7,73.9,75.5,968.4,919,1017.8,376.5,344.1,408.8,15.7,12.1,19.3,small area estimate,71367,68342,74392,37910,21.8,81391,46.8,13214,29.1,27318,60.1,3.5,20245,32835,33540,20861,18.8,17.3,20.3,30.5,28.4,32.7,31.2,29.3,33.1,19.4,18,20.8,43.3,33.5,53,24.6,22.8,26.4,22.7,21,24.5,,,,,69.5,69.2,69.8,59.6,53.9,65.4,small area estimate
60,csa_city_lawndale,Lawndale,City of Lawndale,Incorporated City,81.2,79.3,83.2,672,574.4,769.6,283.6,221.4,345.7,11.3,9.1,13.5,small area estimate,76213,70757,81669,2824,9.1,7082,22.9,849,12.8,2140,32.3,0,5855,5734,5343,4276,27.6,23.9,31.3,27,23.4,30.7,25.2,21.8,28.6,20.2,17.4,22.9,42.3,22.4,62.1,44.2,38.6,49.8,38.6,33.1,44.1,,,,,71.4,70.7,72.1,63,58.9,67.1,small area estimate
61,csa_city_lomita,Lomita,City of Lomita,Incorporated City,78.7,76.6,80.8,765.9,660.8,871,288.9,221.2,356.6,10.5,8.3,12.7,small area estimate,87717,77589,97845,2551,12.5,5466,26.8,616,15.7,1329,33.8,0,1796,3179,4074,5817,12.1,7.9,16.2,21.4,18,24.8,27.4,23.6,31.2,39.1,34.7,43.5,43.3,26.6,59.9,35.8,24.3,47.3,40.3,28.6,52,,,,,74.6,73.9,75.3,65.9,62.3,69.5,small area estimate
62,csa_city_long_beach,Long Beach,City of Long Beach,Incorporated City,79.1,78.7,79.6,726.1,702,750.2,,,,12.7,10.3,15.1,small area estimate,78995,76712,81278,74315,16.1,165007,35.8,21304,23.1,47008,51,23.8,59870,56312,95665,107451,18.8,17.8,19.7,17.6,16.9,18.3,30,29.1,30.8,33.7,32.7,34.6,45.2,40.3,50.1,47,45.5,48.5,46.6,45,48.1,,,,,71.5,71.3,71.7,64,60.4,67.6,small area estimate
63,la_city,Los Angeles,City of Los Angeles,Incorporated City,80.4,80.3,80.6,656.9,649.2,664.7,348.7,343,354.4,14.2,12.8,15.6,small area estimate,76244,75317,77171,625833,16.5,1402362,37,169904,23.7,365374,51,25.6,581641,512122,634995,1002780,21.3,21,21.6,18.7,18.5,19,23.2,23,23.5,36.7,36.4,37,50.8,49,52.6,40.1,39.5,40.6,42.5,41.9,43,,,,,71.1,71,71.2,60.3,58.3,62.2,small area estimate
64,csa_city_lynwood,Lynwood,City of Lynwood,Incorporated City,77.4,75.9,78.8,812.2,731.1,893.4,684.2,610.2,758.3,13.8,11,16.7,small area estimate,67350,62299,72401,10598,16,26334,39.8,4012,24.2,9938,59.8,29.6,18132,11018,8869,3659,43.5,40.3,46.7,26.4,24.3,28.6,21.3,18.7,23.8,8.8,7.4,10.2,34.6,26,43.2,28.5,25.5,31.6,29.3,26.3,32.4,,,,,66.2,65.7,66.7,61,56.1,66,small area estimate
66,csa_city_manhattan_beach,Manhattan Beach,City of Manhattan Beach,Incorporated City,85.2,83.7,86.7,484.8,416.7,552.8,87.8,59.1,116.5,3.8,2,5.5,small area estimate,187217,170117,204317,839,2.4,1921,5.6,148,2,383,5.3,0,294,1207,3782,18925,1.2,0.5,1.9,5,3.6,6.3,15.6,13.6,17.7,78.2,73.1,83.2,76,68.1,83.9,84.2,80.4,88.1,88.9,85.6,92.2,,,,,85.4,85,85.8,78,74,81.9,small area estimate
67,csa_city_maywood,Maywood,City of Maywood,Incorporated City,79.7,77.8,81.7,746.7,618.3,875,587.8,479.9,695.7,18.4,15,21.8,small area estimate,57615,49257,65973,5062,20.7,12828,52.3,1940,30.8,4672,74.2,44.7,7462,4002,2359,1311,49.3,44.2,54.4,26.4,23,29.9,15.6,13.1,18.1,8.7,6.2,11.2,35.3,20.7,49.9,36.4,31.4,41.4,37,32,41.9,,,,,65.6,64.7,66.5,53.7,48.1,59.2,small area estimate
68,csa_city_monrovia,Monrovia,City of Monrovia,Incorporated City,80.3,78.7,81.8,694.4,617.3,771.4,303.5,251.2,355.9,12,10,14,small area estimate,93827,86308,101346,3158,8.5,7262,19.4,745,10.4,1832,25.7,0,2711,5066,7271,11427,10.2,8.1,12.3,19.1,16.2,22.1,27.5,24.6,30.3,43.2,39.9,46.4,58.7,40.2,77.2,44.3,39.1,49.4,48.6,43.5,53.8,,,,,81.8,81.3,82.3,68.4,65,71.7,small area estimate
69,csa_city_montebello,Montebello,City of Montebello,Incorporated City,79.8,78.5,81.2,684.4,627.9,741,414,369.1,458.9,12.1,9.6,14.5,small area estimate,72317,67475,77159,6719,11,16867,27.5,2055,16.5,5254,42.1,5.3,11222,10977,11846,9349,25.9,23.4,28.3,25.3,22.8,27.8,27.3,25.3,29.3,21.5,19.6,23.5,38.7,25.8,51.5,30.8,26.7,34.8,35.7,31.5,39.9,,,,,73.4,72.9,73.9,61.3,57.3,65.3,small area estimate
70,csa_city_monterey_park,Monterey Park,City of Monterey Park,Incorporated City,83.6,82.4,84.8,540,497,583,253.7,225.1,282.3,16.8,14.1,19.5,small area estimate,76892,70643,83141,6732,11.2,15305,25.6,1234,12.5,2848,29,11.6,9448,11249,9595,15236,20.8,18.7,22.8,24.7,22.4,27,21.1,19.1,23,33.5,31,35.9,53.7,41.8,65.5,62.7,58.7,66.6,70.4,66.8,74.1,,,,,72,71.5,72.5,52.4,47.6,57.2,small area estimate
71,csa_city_norwalk,Norwalk,City of Norwalk,Incorporated City,79.5,78.5,80.5,712.9,662.4,763.4,507.3,465,549.7,11.2,8.9,13.6,small area estimate,91259,87368,95150,8535,8.4,21622,21.4,2559,12,6548,30.7,0,16037,19731,19476,13780,23.2,21.5,24.9,28.6,26.6,30.6,28.2,26.3,30.2,20,18.3,21.6,41.1,33.5,48.6,44.9,41.7,48.1,45.2,42,48.5,,,,,72.6,72.2,73,68.5,64.8,72.3,small area estimate
72,csa_city_palmdale,Palmdale,City of Palmdale,Incorporated City,77.5,76.7,78.3,844,794.3,893.7,412.1,376.2,448.1,14.3,10.9,17.8,small area estimate,78414,75520,81308,28058,16.9,63996,38.5,10472,23.9,22884,52.2,0,23804,30424,30538,16982,23.4,21.8,25,29.9,28.2,31.6,30,28.4,31.7,16.7,15.5,17.8,29.5,22.5,36.5,28.5,26.6,30.5,27.2,25.3,29.1,,,,,70.5,70.2,70.8,61.5,55.8,67.2,small area estimate
74,csa_city_paramount,Paramount,City of Paramount,Incorporated City,79,77.6,80.5,756.2,670.7,841.6,550.9,479.1,622.7,12.6,10.1,15,small area estimate,67197,61358,73036,7548,14.5,18443,35.4,2683,20.8,6630,51.4,0,11147,9419,8049,4297,33.9,30.8,37,28.6,26.3,30.9,24.5,22.1,26.8,13.1,11.5,14.6,37.5,27.2,47.8,36,32.6,39.4,37.7,34.2,41.1,,,,,64.8,64.2,65.4,62.3,57.4,67.1,small area estimate
75,csa_city_pasadena,Pasadena,City of Pasadena,Incorporated City,82.1,81.3,82.9,596.7,561.7,631.6,,,,12.1,9.8,14.4,small area estimate,97818,93650,101986,18021,13.1,39316,28.6,3952,17.3,8490,37.2,15.2,10762,14420,22087,56583,10.4,9.3,11.4,13.9,12.7,15.1,21.3,19.8,22.8,54.5,52.5,56.4,68.8,60.3,77.3,43.7,40.1,47.3,45.4,41.8,49,,,,,78.7,78.4,79,66.3,62.6,70.1,small area estimate
76,csa_city_pico_rivera,Pico Rivera,City of Pico Rivera,Incorporated City,79.6,78.4,80.8,729,667.1,790.9,512.2,460.2,564.1,12,9.4,14.7,small area estimate,82539,76624,88454,5834,9.6,14752,24.2,1764,14.1,4527,36.2,0,12006,13282,10972,6141,28.3,25.6,31,31.3,29.1,33.6,25.9,23.5,28.2,14.5,12.8,16.1,50.2,36.8,63.7,37.2,33,41.5,39.6,35.4,43.9,,,,,74.4,74,74.8,67,62.7,71.3,small area estimate
77,csa_city_pomona,Pomona,City of Pomona,Incorporated City,78.3,77.4,79.1,779.8,733.3,826.2,503.4,464.8,541.9,16.3,13.8,18.8,small area estimate,73515,69543,77487,24655,16.5,58444,39.1,8257,24.3,19208,56.5,20.8,26285,23859,27816,17319,27.6,26.1,29.1,25,23.7,26.4,29.2,27.6,30.8,18.2,16.9,19.5,42.3,34.1,50.6,28.5,26,31,25.2,22.8,27.6,,,,,67.1,66.8,67.4,61.5,57.9,65,small area estimate
78,csa_city_rancho_palos_verdes,Rancho Palos Verdes,City of Rancho Palos Verdes,Incorporated City,82.5,80.8,84.1,559.9,509.8,610,103.7,83.5,123.9,4.9,3,6.8,small area estimate,166747,154062,179432,1376,3.4,3283,8,201,2.9,593,8.5,0,568,2676,6157,20834,1.9,1.1,2.6,8.9,6.9,10.8,20.4,18.1,22.6,68.9,64.6,73.2,59.5,46.9,72.1,81.9,78.3,85.6,84.3,80.9,87.8,,,,,85.4,85,85.8,75.3,70.9,79.7,small area estimate
79,csa_city_redondo_beach,Redondo Beach,City of Redondo Beach,Incorporated City,83.7,82.5,84.9,524.3,472.7,575.8,131,104.1,157.9,6.2,4.4,8,small area estimate,134033,126386,141680,3140,4.6,7216,10.6,773,5.6,1618,11.7,0,1904,5429,10504,33051,3.7,2.8,4.7,10.7,9.1,12.3,20.6,18.8,22.4,64.9,62,67.9,73.2,63.8,82.7,71.8,68.4,75.1,78.8,75.7,81.8,,,,,82.9,82.6,83.2,72.9,69.2,76.5,small area estimate
82,csa_city_rosemead,Rosemead,City of Rosemead,Incorporated City,81.3,80,82.7,642.4,582.8,702.1,306.8,266.6,347,17.6,14.7,20.5,small area estimate,70073,63638,76508,6159,12.3,14299,28.6,1277,15,3042,35.7,0,12357,9360,7328,8228,33.2,30.6,35.7,25.1,22.7,27.5,19.7,17.8,21.5,22.1,19.9,24.3,56.9,43.8,69.9,46.8,42.4,51.3,55.8,51.4,60.1,,,,,69,68.4,69.6,51.9,47.2,56.7,small area estimate
83,csa_city_san_dimas,San Dimas,City of San Dimas,Incorporated City,79.5,78,81.1,751.7,674.5,828.8,300.1,252.4,347.8,10.9,9,12.8,small area estimate,102241,84042,120440,2417,7.1,5846,17.1,552,8.9,1367,22.1,0,1599,5053,8834,9476,6.4,4.9,7.9,20.2,16.8,23.7,35.4,31.4,39.4,38,33.9,42.1,54.1,34.3,73.9,75.6,70.9,80.3,78.3,73.8,82.8,,,,,80.9,80.4,81.4,71.7,68.7,74.6,small area estimate
84,csa_city_san_fernando,San Fernando,City of San Fernando,Incorporated City,79.6,77.4,81.8,695.4,584.5,806.3,422.2,333.5,511,12.9,9.7,16,small area estimate,70950,61301,80599,2233,9.6,5624,24.1,749,14.2,1909,36.3,0,6197,4239,3535,2324,38,33.3,42.8,26,22.6,29.4,21.7,17.4,25.9,14.3,11.1,17.5,39.8,24.8,54.9,28.7,23.2,34.1,37.1,31.3,42.9,,,,,70.7,69.9,71.5,62.3,56.7,67.9,small area estimate
85,csa_city_san_gabriel,San Gabriel,City of San Gabriel,Incorporated City,84.3,82.6,86,516.4,456.5,576.4,497,440.3,553.7,16.3,13.6,19,small area estimate,84056,78848,89264,4446,11.5,10455,27.2,819,12.9,1999,31.6,0,6803,6661,6162,10230,22.8,19,26.6,22.3,20.2,24.4,20.6,18.2,23.1,34.3,31.2,37.3,64,49.5,78.4,46.3,40.6,52.1,50.2,44.4,55.9,,,,,74.8,74.2,75.4,53.5,48.9,58,small area estimate
87,csa_city_santa_clarita,Santa Clarita,City of Santa Clarita,Incorporated City,80.7,80.1,81.3,693.1,657.4,728.8,238.7,217.3,260.1,8.2,6.4,10,small area estimate,116186,112729,119643,18927,8.3,43338,19,5481,10.9,12405,24.6,0,13501,27145,50861,57684,9,8.2,9.9,18.2,17.2,19.2,34.1,32.7,35.5,38.7,37.3,40,44.3,39,49.6,57,55,59,58.8,56.9,60.8,,,,,82.2,82,82.4,72.7,69.3,76.2,small area estimate
89,csa_city_santa_monica,Santa Monica,City of Santa Monica,Incorporated City,82.5,81.5,83.4,587.8,546.2,629.4,235.3,209.3,261.4,6.5,4.7,8.3,small area estimate,106797,97040,116554,9675,10.5,20734,22.6,1340,10.6,2932,23.3,0,3913,6201,13570,49805,5.3,4.3,6.3,8.4,7.3,9.6,18.5,16.8,20.1,67.8,64.9,70.6,76.9,64.9,89,69.4,65.4,73.4,72.2,68.4,76.1,,,,,77.1,76.8,77.4,66,62.3,69.7,small area estimate
93,csa_city_south_gate,South Gate,City of South Gate,Incorporated City,81,79.8,82.2,643.5,587,699.9,466.1,417.9,514.4,14.8,12.2,17.3,small area estimate,67188,63995,70381,12861,13.8,32935,35.4,4561,20.9,11668,53.5,5.6,24385,15024,12997,6822,41.2,38.7,43.7,25.4,23.4,27.4,21.9,20.2,23.7,11.5,10.3,12.7,50,40.1,59.9,35.7,33.1,38.4,40.2,37.5,42.9,,,,,66,65.6,66.4,59,55,62.9,small area estimate
94,csa_city_south_pasadena,South Pasadena,City of South Pasadena,Incorporated City,83.2,81.3,85.2,547.8,464.5,631.1,217.5,166.6,268.5,9,6.6,11.4,small area estimate,127882,109367,146397,1610,6.1,3452,13.1,417,7.5,802,14.5,0,525,1279,3604,13751,2.7,1.7,3.8,6.7,5.2,8.2,18.8,15.8,21.8,71.8,67.1,76.5,72.8,62.1,83.5,82.6,78.5,86.6,85.6,81.9,89.3,,,,,87.2,86.7,87.7,70.3,66.2,74.3,small area estimate
95,csa_city_temple_city,Temple City,City of Temple City,Incorporated City,82.7,81.4,84,594.1,529.1,659.1,347.5,298.1,396.9,13.2,11,15.3,small area estimate,95263,88606,101920,3620,10.1,8348,23.2,705,11.1,1659,26,0,3051,5840,6144,10834,11.8,10.1,13.5,22.6,19.7,25.5,23.8,20.9,26.6,41.9,39,44.8,54.9,39.6,70.2,59.7,54.1,65.3,66.6,61.2,71.9,,,,,76.9,76.3,77.5,60.2,56.4,64.1,small area estimate
96,csa_city_torrance,Torrance,City of Torrance,Incorporated City,81.8,81,82.6,615.5,581.3,649.6,179.4,161.3,197.5,9,7.1,11,small area estimate,109554,104020,115088,10375,7.3,22585,15.8,2128,8,4726,17.9,0,5289,17584,27293,55843,5,4.2,5.8,16.6,15.4,17.8,25.7,24.3,27.2,52.7,50.8,54.6,72.4,63.8,81.1,65.7,63.2,68.2,71.9,69.6,74.3,,,,,82,81.8,82.2,66.7,62.6,70.8,small area estimate
98,csa_city_walnut,Walnut,City of Walnut,Incorporated City,84.6,82.8,86.4,508.6,437.2,580,146,109.6,182.3,9.9,7.7,12,small area estimate,130444,117296,143592,1999,7.2,4584,16.4,345,7.9,748,17.1,0,1400,2992,4857,11562,6.7,5.2,8.3,14.4,12.2,16.5,23.3,20.5,26.2,55.6,52.2,58.9,46.8,34,59.6,66.7,62.6,70.9,70.7,66.7,74.7,,,,,79.5,78.9,80.1,62.4,57.6,67.2,small area estimate
99,csa_city_west_covina,West Covina,City of West Covina,Incorporated City,82.2,81.3,83.2,602.3,561.1,643.5,335.3,303.7,366.9,12.1,10.3,14,small area estimate,96219,92438,100000,9897,9.2,23167,21.5,2511,12.3,5912,28.8,0,10368,21083,22581,22904,13.5,12.2,14.7,27.4,25.4,29.4,29.4,27.7,31,29.8,28.1,31.5,41,30.3,51.8,55.2,52.3,58.1,57.4,54.5,60.3,,,,,76.4,76.1,76.7,63.7,60.6,66.8,small area estimate
100,csa_city_west_hollywood,West Hollywood,City of West Hollywood,Incorporated City,83.3,81.4,85.2,555.7,489.7,621.7,131.8,99.5,164.1,9.7,7.2,12.2,small area estimate,89034,80141,97927,4053,11.5,8781,24.9,191,10.9,448,25.6,0,1315,3051,7941,19677,4.1,2.6,5.6,9.5,7.1,12,24.8,21.1,28.5,61.5,56.8,66.2,63.5,30.8,96.2,79,72.6,85.4,76.3,69.7,82.8,,,,,76.2,75.7,76.7,67.6,63.2,71.9,small area estimate
102,csa_city_whittier,Whittier,City of Whittier,Incorporated City,79.3,78.4,80.3,743.5,690,797,406.1,365.4,446.8,10.9,8.8,13,small area estimate,89686,84526,94846,7517,8.6,19197,21.9,2314,12.5,5905,31.9,0,6659,16565,18670,16519,11.4,10.2,12.6,28.4,26,30.7,32,29.6,34.3,28.3,26.4,30.2,47,36.5,57.5,58.3,54.7,61.9,63.1,59.6,66.7,,,,,78.8,78.5,79.1,68.9,64.8,73,small area estimate
107,csa_la_arleta,Los Angeles - Arleta,Los Angeles - Arleta,Los Angeles City Neighborhood,81.5,79.6,83.4,608.8,521.1,696.6,461.6,386,537.3,13.9,10.5,17.2,small area estimate,93027,84710,101344,2662,8.7,6888,22.6,805,12.9,2102,33.7,0,8077,5738,4348,2653,38.8,35.1,42.5,27.6,24.9,30.3,20.9,18.9,22.9,12.7,11,14.5,38.8,21.4,56.2,39.4,33.9,44.8,43.4,37.9,48.9,,,,,69.3,68.6,70,63.5,58.1,69,small area estimate
109,csa_la_baldwin_hills,Los Angeles - Baldwin Hills,Los Angeles - Baldwin Hills,Los Angeles City Neighborhood,77.2,75.4,79,831.7,741.2,922.3,322.1,266.5,377.6,15.1,11.9,18.2,small area estimate,61393,53242,69544,7226,25.2,14491,50.6,2017,37,3560,65.3,43.3,3570,4639,6132,7662,16.2,13.3,19.1,21.1,17.2,25,27.9,24.5,31.2,34.8,31.5,38.2,,,,28.9,22.6,35.3,24.9,18.9,30.8,,,,,66.4,65.8,67,59.6,54.1,65,small area estimate
113,csa_la_boyle_heights,Los Angeles - Boyle Heights,Los Angeles - Boyle Heights,Los Angeles City Neighborhood,77,75.5,78.4,796.7,728.8,864.7,568,512.5,623.4,21.2,17.5,24.9,small area estimate,55333,51479,59187,17187,22.5,42856,56,6129,32.8,14433,77.3,69.4,23170,12771,9335,6163,45,42.9,47.2,24.8,23.1,26.6,18.1,16.8,19.5,12,10.8,13.2,49.1,38.4,59.8,30.7,27.5,33.9,33.1,29.9,36.4,,,,,63.4,62.9,63.9,50.5,45.3,55.7,small area estimate
114,csa_la_brentwood,Los Angeles - Brentwood,Los Angeles - Brentwood,Los Angeles City Neighborhood,86,84.5,87.5,447.9,384.9,510.9,85.8,59.2,112.4,3.9,2.6,5.2,small area estimate,171961,154792,189130,1634,5.5,3779,12.7,200,4.7,494,11.5,0,358,1212,2965,18130,,,,5.3,3.6,7.1,13.1,10.7,15.5,80,78.5,81.5,,,,73.2,62.9,83.5,78.9,69.4,88.4,,,,,82.1,81.6,82.6,73.9,70.6,77.2,small area estimate
117,csa_la_canoga_park,Los Angeles - Canoga Park,Los Angeles - Canoga Park,Los Angeles City Neighborhood,79.3,78,80.7,708.1,639.5,776.8,446.3,388.8,503.7,13.4,10.7,16.2,small area estimate,70361,64073,76649,9619,15.6,22995,37.2,2824,21.2,6854,51.5,0,10470,11279,13372,11543,22.4,20.3,24.6,24.2,22,26.3,28.7,26.4,30.9,24.7,22.6,26.9,38.4,23.9,52.9,25.7,20.9,30.5,30.7,25.7,35.7,,,,,69.3,68.8,69.8,62.3,58.1,66.5,small area estimate
119,csa_la_central,Los Angeles - Central,Los Angeles - Central,Los Angeles City Neighborhood,76.5,74.4,78.7,817.6,702.2,932.9,751.2,641.1,861.2,19.8,15.9,23.8,small area estimate,50879,44686,57071,9268,27.3,21735,64.1,3591,39.5,7352,80.8,87.1,12516,4413,3602,1631,56.5,53.8,59.1,19.9,17.9,21.9,16.3,13.5,19,7.4,5.3,9.5,37.6,21.8,53.5,27.2,23.1,31.2,31.9,27.7,36.1,,,,,57,56.2,57.8,51.6,45.3,57.9,small area estimate
121,csa_la_century_palms_cove,Los Angeles - Century Palms/Cove,Los Angeles - Century Palms/Cove,Los Angeles City Neighborhood,73.2,71.2,75.2,1033.3,903.9,1162.7,644.2,538.6,749.8,16.9,14,19.9,small area estimate,53586,45068,62104,9074,28.3,19787,61.8,3561,39.2,6992,76.9,87.2,8104,4634,3676,1907,44.2,40.8,47.6,25.3,22,28.6,20.1,17.6,22.5,10.4,7.9,12.9,,,,21.2,16.7,25.6,27.8,23,32.6,,,,,50.8,50,51.6,53.8,49.2,58.3,small area estimate
122,csa_la_chatsworth,Los Angeles - Chatsworth,Los Angeles - Chatsworth,Los Angeles City Neighborhood,79.9,78.3,81.4,690,620.3,759.6,243.3,202.4,284.1,8.4,6.6,10.2,small area estimate,118737,107019,130454,1863,5.2,4629,12.8,357,5.7,958,15.2,0,2297,5283,8061,12183,8.3,6.3,10.2,19,16.2,21.8,29,25.8,32.1,43.8,41.5,46,44.3,30,58.5,58.8,53,64.6,60.8,55.2,66.5,,,,,78.3,77.8,78.8,70.4,67.1,73.7,small area estimate
129,csa_la_del_rey,Los Angeles - Del Rey,Los Angeles - Del Rey,Los Angeles City Neighborhood,84.5,82.4,86.6,490.2,420,560.5,140.5,102.7,178.3,7.3,5.3,9.3,small area estimate,98685,86422,110947,4244,15,9412,33.3,1031,22.3,2050,44.3,18.1,2929,2831,5238,11175,13.2,10.5,15.9,12.8,10.4,15.1,23.6,20.3,27,50.4,46.9,53.9,,,,52.6,47.5,57.8,55.4,50.3,60.5,,,,,78.6,78,79.2,67.8,64.3,71.3,small area estimate
130,csa_la_downtown,Los Angeles - Downtown,Los Angeles - Downtown,Los Angeles City Neighborhood,,,,499,440.7,557.2,266.9,210.8,323,25.4,20.8,30,small area estimate,69604,61899,77309,9667,24.8,18866,48.4,820,31.7,1461,56.5,63,4309,3194,7466,18762,12.8,10.4,15.2,9.5,7.7,11.3,22.1,19.2,25.1,55.6,51.7,59.5,,,,,,,,,,,,,,68.5,67.9,69.1,48.7,43.8,53.6,small area estimate
131,csa_la_eagle_rock,Los Angeles - Eagle Rock,Los Angeles - Eagle Rock,Los Angeles City Neighborhood,81.7,80.2,83.2,616.1,547.4,684.8,336.9,287.7,386.2,10.7,8.3,13.1,small area estimate,108363,97325,119400,3338,9.5,7529,21.5,606,10.8,1553,27.7,0,3180,4551,6835,13580,11.3,9.5,13.1,16.2,14.2,18.2,24.3,21.7,26.9,48.2,45.2,51.3,56.1,36.4,75.7,63.6,57.9,69.3,63.3,57.6,69,,,,,78.5,78,79,65.3,61.1,69.5,small area estimate
132,csa_la_east_hollywood,Los Angeles - East Hollywood,Los Angeles - East Hollywood,Los Angeles City Neighborhood,78.6,76.3,81,723.9,625.5,822.3,561.7,480.5,642.9,20.1,16.6,23.5,small area estimate,56436,51041,61830,4711,19.9,10474,44.3,905,26.5,2119,61.9,34.1,4575,4244,4272,6801,23,19.7,26.3,21.3,18,24.7,21.5,18.4,24.5,34.2,30.7,37.6,62.3,38.5,86.1,28.9,19.2,38.7,32.9,23,42.9,,,,,68.4,67.6,69.2,47.5,42.4,52.6,small area estimate
134,csa_la_el_sereno,Los Angeles - El Sereno,Los Angeles - El Sereno,Los Angeles City Neighborhood,80.8,79.2,82.4,659.5,582.8,736.2,361.3,304.8,417.8,15.2,11.5,18.8,small area estimate,77376,70225,84528,5817,15.8,14626,39.6,1596,21.8,4133,56.5,8,8240,5701,6154,5973,31.6,28.4,34.8,21.9,19.7,24.1,23.6,21.5,25.7,22.9,20.9,24.9,44.2,29.6,58.7,37.8,31.7,43.8,38.6,32.5,44.6,,,,,71.3,70.7,71.9,58,52.5,63.5,small area estimate
137,csa_la_encino,Los Angeles - Encino,Los Angeles - Encino,Los Angeles City Neighborhood,84.3,83.1,85.4,525.8,474.3,577.3,124.1,100.5,147.8,8.6,6.8,10.4,small area estimate,126492,114763,138221,3181,7.4,7262,16.9,564,6.9,1351,16.5,0,1666,3843,6653,19275,5.3,3.8,6.8,12.2,10,14.5,21.2,18.9,23.4,61.3,57.7,64.9,70.5,56.9,84,70.7,65.7,75.6,77.2,72.7,81.7,,,,,80.9,80.5,81.3,71,67.6,74.5,small area estimate
139,csa_la_exposition_park,Los Angeles - Exposition Park,Los Angeles - Exposition Park,Los Angeles City Neighborhood,78.3,76.5,80.1,760.4,665,855.8,347.6,284.7,410.6,15.7,12.9,18.5,small area estimate,51060,44578,57541,9982,24.3,21226,51.6,2777,35.5,5453,69.8,57.7,9591,5874,6863,4556,35.7,32.5,38.9,21.8,19.3,24.4,25.5,23.1,28,16.9,14.8,19.1,59.1,41.3,76.8,31.2,26.4,36,26.4,21.9,30.9,,,,,57.9,57.2,58.6,54.8,50.1,59.4,small area estimate
142,csa_la_florence_firestone,Los Angeles - Florence-Firestone,Los Angeles - Florence-Firestone,Los Angeles City Neighborhood,75.4,73.4,77.4,887.2,784,990.4,531,451.2,610.8,17.5,14.3,20.8,small area estimate,50907,46703,55110,11142,24.7,26178,58,4489,34.4,10007,76.7,94.5,14745,8045,6519,2093,47,44.3,49.6,25.6,23.4,27.8,20.8,18.6,22.9,6.7,5.6,7.8,24.9,13.1,36.7,25.3,21.7,29,29.3,25.5,33,,,,,52.1,51.4,52.8,53.6,48.6,58.6,small area estimate
143,csa_la_glassell_park,Los Angeles - Glassell Park,Los Angeles - Glassell Park,Los Angeles City Neighborhood,84,81.9,86,531.9,456.9,607,233.5,183.9,283.1,12.7,10.1,15.4,small area estimate,90752,83523,97981,2776,10.2,6759,24.9,623,13,1651,34.6,9.6,3394,3640,5420,8840,15.9,14,17.9,17.1,14.1,20.1,25.5,22.9,28,41.5,39,44,78.5,55.3,101.6,53,45.8,60.2,50.3,43,57.5,,,,,77.5,76.9,78.1,63.9,59.7,68.1,small area estimate
145,csa_la_granada_hills,Los Angeles - Granada Hills,Los Angeles - Granada Hills,Los Angeles City Neighborhood,81,79.8,82.2,655.8,597.9,713.8,367.8,325.7,409.8,8.8,6.8,10.7,small area estimate,112346,103914,120777,4193,7.6,9688,17.6,983,9.6,2207,21.6,0,4556,8830,12598,15273,11,9.3,12.8,21.4,18.9,23.9,30.5,28.5,32.6,37,35,39,50.9,35,66.8,54,49.8,58.2,55.7,51.5,59.8,,,,,76.4,76,76.8,71,67.5,74.4,small area estimate
146,csa_la_green_meadows,Los Angeles - Green Meadows,Los Angeles - Green Meadows,Los Angeles City Neighborhood,,,,883.9,738.5,1029.3,466.2,357,575.4,15.3,12.5,18.1,small area estimate,55678,46304,65052,4885,23.6,11068,53.4,1923,33,4077,69.9,69,5910,3111,2313,787,48.8,44.8,52.7,25.7,21.8,29.6,19.1,16,22.2,6.5,4.2,8.8,41.8,18.4,65.2,27.5,21.9,33.1,34.6,28.6,40.5,,,,,53.1,52.1,54.1,54.8,50.1,59.4,small area estimate
148,csa_la_harbor_city,Los Angeles - Harbor City,Los Angeles - Harbor City,Los Angeles City Neighborhood,80.9,78.8,83.1,628.4,543.8,712.9,190.9,144.5,237.3,14,11.1,16.9,small area estimate,85850,78755,92944,3817,13.8,8478,30.6,1133,18.9,2532,42.2,9.7,3355,4256,6017,6397,16.8,13.8,19.7,21.3,18.5,24,30,27,33.1,31.9,29.3,34.5,35.3,20.3,50.3,40.4,34.3,46.6,51.4,45.2,57.7,,,,,71.6,70.9,72.3,64.1,60.1,68.1,small area estimate
149,csa_la_harbor_gateway,Los Angeles - Harbor Gateway,Los Angeles - Harbor Gateway,Los Angeles City Neighborhood,79.5,77.7,81.3,696.8,616.2,777.4,300.1,246.6,353.6,13,10.5,15.4,small area estimate,73922,67504,80339,6417,16.2,14705,37.2,2090,23.2,4649,51.5,17.5,6049,6725,7708,6733,22.2,19.5,24.9,24.7,22,27.4,28.3,26,30.7,24.7,22.1,27.4,48.1,29.5,66.7,33.3,28.3,38.4,35.6,30.5,40.7,,,,,66.6,66,67.2,61,56.9,65.1,small area estimate
152,csa_la_harvard_park,Los Angeles - Harvard Park,Los Angeles - Harvard Park,Los Angeles City Neighborhood,75.6,73.6,77.5,900.5,797.4,1003.6,448.7,376.7,520.7,15.2,12.4,18.1,small area estimate,58242,52020,64465,8848,23.7,20301,54.4,3094,33.6,6706,72.8,44.1,8705,7611,5195,2470,36.3,33.2,39.4,31.7,27.7,35.8,21.7,19.2,24.2,10.3,8.6,12,46.7,31.5,61.8,19.9,15.7,24,26.2,21.7,30.7,,,,,58.5,57.8,59.2,56.2,51.6,60.7,small area estimate
153,csa_la_highland_park,Los Angeles - Highland Park,Los Angeles - Highland Park,Los Angeles City Neighborhood,84.3,82.2,86.3,510.5,445.1,575.9,347.6,292.9,402.3,12.2,9.7,14.8,small area estimate,88673,81870,95477,4642,11.1,11534,27.6,1108,15.1,2887,39.4,18.3,6517,5840,7361,12481,20.2,18,22.5,18.1,16,20.3,22.9,20.8,24.9,38.8,36.4,41.1,40,21,58.9,41.2,34.1,48.4,39.4,32.3,46.6,,,,,75,74.5,75.5,64.3,59.9,68.6,small area estimate
155,csa_la_hollywood,Los Angeles - Hollywood,Los Angeles - Hollywood,Los Angeles City Neighborhood,81.5,80.1,82.9,598.3,541.9,654.7,197.5,164.8,230.2,13.6,10.5,16.7,small area estimate,76991,70612,83371,10486,16.2,22717,35.1,1200,20.1,2760,46.3,42.4,5174,7405,11609,27622,10,8.5,11.5,14.3,12.4,16.2,22.4,20.4,24.4,53.3,50.9,55.7,41.6,22.9,60.3,53.3,47.4,59.2,50.9,45.1,56.6,,,,,70,69.6,70.4,58.2,53.8,62.5,small area estimate
156,csa_la_hollywood_hills,Los Angeles - Hollywood Hills,Los Angeles - Hollywood Hills,Los Angeles City Neighborhood,84.4,82.5,86.3,496,421.9,570.2,106.2,71.5,140.9,10.1,7.8,12.4,small area estimate,105762,92260,119265,2275,8,5415,19,238,7.7,597,19.4,0,764,1902,5070,14191,3.5,2.1,4.9,8.7,6.5,10.8,23.1,20,26.2,64.7,61.7,67.7,,,,31.9,18.6,45.2,44.9,31,58.8,,,,,78.7,78.2,79.2,71.6,67.7,75.4,small area estimate
157,csa_la_hyde_park,Los Angeles - Hyde Park,Los Angeles - Hyde Park,Los Angeles City Neighborhood,73.7,71.9,75.5,1049.3,936.6,1162,443.4,368.4,518.5,14,11,17,small area estimate,52886,44374,61398,6400,22.5,13480,47.5,1872,32.1,3817,65.5,41.4,3922,5015,5917,2912,22.1,18.3,25.9,28.2,23.9,32.5,33.3,30.1,36.5,16.4,13.9,18.9,35.6,15.3,55.9,18.3,13,23.5,17.2,12.1,22.3,,,,,63.3,62.6,64,61.7,56,67.5,small area estimate
159,csa_la_koreatown,Los Angeles - Koreatown,Los Angeles - Koreatown,Los Angeles City Neighborhood,83,81.2,84.8,542.9,479.8,606.1,320.3,271.3,369.3,29.5,23.1,35.9,small area estimate,50872,46823,54920,11012,24.1,24948,54.7,2363,33.4,5063,71.6,81.4,9337,7530,5601,11675,27.3,24.8,29.9,22.1,19.6,24.5,16.4,14.7,18.1,34.2,32.2,36.2,32.2,17.7,46.8,25.9,21.6,30.1,27.4,23.1,31.7,,,,,65.6,64.9,66.3,41,35.3,46.6,small area estimate
161,csa_la_lake_balboa,Los Angeles - Lake Balboa,Los Angeles - Lake Balboa,Los Angeles City Neighborhood,79.8,78.1,81.4,700.4,620.2,780.6,271.1,219.9,322.2,15.2,12.2,18.1,small area estimate,77367,70545,84190,6081,15.8,13984,36.4,1677,21.6,3810,49,0,6632,6280,7871,8489,22.7,19.6,25.7,21.5,18.9,24,26.9,24.4,29.4,29,26.6,31.4,35.9,24.9,46.9,37.8,32.7,43,37.1,32.1,42.1,,,,,73.8,73.2,74.4,58,53.9,62.1,small area estimate
164,csa_la_lincoln_heights,Los Angeles - Lincoln Heights,Los Angeles - Lincoln Heights,Los Angeles City Neighborhood,80.3,78,82.5,671.2,581,761.3,664,581.2,746.9,19,15.6,22.4,small area estimate,65828,58000,73657,5310,18.8,12691,44.9,1490,26.8,3397,61.1,30.3,7573,4820,4348,4685,35.3,32.4,38.3,22.5,19.7,25.3,20.3,17.7,22.9,21.9,19.4,24.3,52.2,31.2,73.3,34.4,28.5,40.2,42.4,36.3,48.4,,,,,68,67.2,68.8,51.4,46.6,56.3,small area estimate
166,csa_la_little_bangladesh,Los Angeles - Little Bangladesh,Los Angeles - Little Bangladesh,Los Angeles City Neighborhood,,,,472.4,392.8,552.1,170.6,119.6,221.6,22.8,18.5,27,small area estimate,50037,43646,56427,5435,20.6,12175,46.3,987,25.4,2220,57.1,0,3369,3446,4533,8079,17.3,14.4,20.3,17.7,15,20.4,23.3,20.4,26.3,41.6,38.1,45,,,,,,,,,,,,,,67,66.2,67.8,44.9,39.8,50.1,small area estimate
169,csa_la_los_feliz,Los Angeles - Los Feliz,Los Angeles - Los Feliz,Los Angeles City Neighborhood,85.7,83.3,88,456.2,378.1,534.3,321.4,258.1,384.7,10.6,8,13.3,small area estimate,125896,110723,141069,1609,7.9,3720,18.2,170,6.4,492,18.6,0,426,1505,3145,12367,2.4,1.2,3.7,8.6,6.9,10.3,18,15.2,20.8,70.9,67.6,74.2,,,,63,55.2,70.8,62.5,54.8,70.2,,,,,80.7,80.1,81.3,62.9,58.4,67.4,small area estimate
172,csa_la_mar_vista,Los Angeles - Mar Vista,Los Angeles - Mar Vista,Los Angeles City Neighborhood,85,83.1,86.9,464.5,405.8,523.3,128.8,98.7,159,7.2,5.2,9.1,small area estimate,107812,97438,118186,2833,7.4,6506,17,532,8.6,1167,19,0,2475,3272,6296,20292,7.7,5.9,9.4,10.1,8.5,11.7,19.5,17.4,21.6,62.8,60.2,65.3,73.7,54.5,92.9,60.4,55.3,65.5,64.4,59.4,69.4,,,,,81,80.5,81.5,68.4,65.1,71.7,small area estimate
174,csa_la_melrose,Los Angeles - Melrose,Los Angeles - Melrose,Los Angeles City Neighborhood,81.6,80.3,83,597.2,542.9,651.5,363.7,321.5,406,16.3,13.5,19.2,small area estimate,75980,70555,81405,10552,15.2,24234,34.9,2147,20.3,5010,47.3,14.9,9990,8752,10051,26308,18.1,16.3,19.9,15.9,14.3,17.5,18.2,16.7,19.8,47.7,45.8,49.7,54.6,43.2,66,39.2,34.4,43.9,43.2,38.3,48,,,,,73.7,73.3,74.1,56.3,52.3,60.3,small area estimate
177,csa_la_mission_hills,Los Angeles - Mission Hills,Los Angeles - Mission Hills,Los Angeles City Neighborhood,78.6,76.6,80.7,769.5,670.5,868.5,543.2,462.7,623.7,11.5,8.7,14.4,small area estimate,89654,77792,101516,2311,10.2,5837,25.9,670,15,1747,39,0,3609,4431,4897,3257,22.3,19.3,25.3,27.4,24.3,30.4,30.2,25.5,34.9,20.1,17.2,23,43.3,24,62.5,44.9,35.1,54.7,48.5,38.6,58.3,,,,,73,72.3,73.7,64.2,59.2,69.2,small area estimate
178,csa_la_mt_washington,Los Angeles - Mt. Washington,Los Angeles - Mt. Washington,Los Angeles City Neighborhood,81.8,79.8,83.9,603.6,507.6,699.5,309.6,243,376.2,15.1,12.3,18,small area estimate,96857,78408,115307,3050,14.9,7409,36.1,762,20.8,1782,48.6,0,3656,3309,3323,6386,21.9,18.8,25.1,19.8,16.3,23.4,19.9,17.2,22.7,38.3,33.5,43.1,,,,50.9,43.2,58.6,53.3,45.7,60.9,,,,,75.6,74.9,76.3,60.9,56.7,65,small area estimate
179,csa_la_north_hills,Los Angeles - North Hills,Los Angeles - North Hills,Los Angeles City Neighborhood,81.4,79.8,82.9,628.9,563.3,694.5,412.7,358.5,466.8,15.4,12.3,18.6,small area estimate,83041,76747,89334,10307,18.2,23701,41.9,3606,28,7489,58.1,41.1,9501,9042,10153,9339,25,22.4,27.6,23.8,21.7,25.8,26.7,24.6,28.8,24.6,21.7,27.5,48.1,30.6,65.6,29.6,26.2,33.1,32.8,29.3,36.3,,,,,70.5,70,71,62.4,58,66.7,small area estimate
180,csa_la_north_hollywood,Los Angeles - North Hollywood,Los Angeles - North Hollywood,Los Angeles City Neighborhood,80.2,79.3,81.1,675.6,632.8,718.5,416.2,381.6,450.8,14.2,11.2,17.2,small area estimate,68608,65392,71825,22994,16.7,52744,38.3,5295,21.9,12316,50.8,8.7,20409,20256,28829,32409,20,18.7,21.3,19.9,18.6,21.2,28.3,26.9,29.7,31.8,30.2,33.4,49.9,39.6,60.2,37.4,34.5,40.3,41.1,38.2,44,,,,,69.9,69.6,70.2,56.8,52.3,61.3,small area estimate
181,csa_la_northridge,Los Angeles - Northridge,Los Angeles - Northridge,Los Angeles City Neighborhood,80.6,79.3,81.8,659.7,603.3,716.1,297.8,260.7,334.8,11.9,9.6,14.2,small area estimate,91550,83610,99490,9513,14.4,21059,32,2104,18.4,4823,42.1,6,6387,8383,13283,19337,13.5,11.8,15.1,17.7,15.9,19.5,28,25.9,30.2,40.8,38.6,43,65.9,49.3,82.5,43.7,39.5,47.9,48.6,44.4,52.7,,,,,74.4,74,74.8,63.6,60.2,67,small area estimate
183,csa_la_pacoima,Los Angeles - Pacoima,Los Angeles - Pacoima,Los Angeles City Neighborhood,78.2,76.8,79.5,762,690.7,833.4,521.5,462.7,580.3,15.1,11.4,18.7,small area estimate,69863,64699,75027,12667,18.1,31473,44.9,4537,26.3,11064,64.2,14.7,20844,12527,8865,4919,44.2,42,46.4,26.6,24.7,28.4,18.8,17.4,20.2,10.4,9.2,11.7,41.8,31.3,52.3,30.1,26.9,33.3,32.5,29.3,35.8,,,,,63,62.5,63.5,61.2,55.7,66.7,small area estimate
185,csa_la_palms,Los Angeles - Palms,Los Angeles - Palms,Los Angeles City Neighborhood,,,,399.2,334.9,463.5,249.5,196.8,302.3,6.7,4.8,8.6,small area estimate,97129,91309,102949,2499,6.2,6346,15.7,263,6.3,766,18.3,0,1777,2342,5611,20884,5.8,4.2,7.4,7.7,6,9.3,18.3,15.8,20.8,68.2,65.6,70.8,49.2,35.6,62.9,63.4,55.6,71.3,61,53,68.9,,,,,77.1,76.6,77.6,65.3,61.3,69.2,small area estimate
186,csa_la_panorama_city,Los Angeles - Panorama City,Los Angeles - Panorama City,Los Angeles City Neighborhood,80.6,79,82.2,658.2,595,721.5,620.4,556.3,684.5,17.1,13.6,20.7,small area estimate,60604,55454,65753,13061,19.3,30639,45.3,4527,28.7,9486,60.2,9.6,15355,11649,9831,8084,34.2,32,36.4,25.9,23.9,28,21.9,20.2,23.6,18,16.4,19.6,32.6,21.9,43.3,36.9,33.1,40.8,39.7,35.9,43.6,,,,,66.4,65.9,66.9,53.2,48.1,58.3,small area estimate
188,csa_la_pico_union,Los Angeles - Pico-Union,Los Angeles - Pico-Union,Los Angeles City Neighborhood,79.2,77.5,81,711,625.4,796.6,885.7,787.3,984.1,33,24.7,41.4,small area estimate,43637,39902,47372,10858,28.7,25355,67.1,3338,41.9,6744,84.6,87,11098,5968,4480,3521,44.3,41.1,47.4,23.8,20.8,26.8,17.9,15.5,20.2,14,12.3,15.8,47.8,29.6,65.9,26.8,22.9,30.8,29.6,25.5,33.7,,,,,61.3,60.5,62.1,41.7,36.3,47.1,small area estimate
191,csa_la_porter_ranch,Los Angeles - Porter Ranch,Los Angeles - Porter Ranch,Los Angeles City Neighborhood,82.8,81.3,84.4,569.9,505.3,634.6,138.8,108,169.6,6.3,4.6,7.9,small area estimate,155190,142484,167896,1472,4.2,3511,10,242,3.7,659,10.1,0,1319,3332,6193,14416,5.2,3.5,6.9,13.2,10.6,15.8,24.5,21.9,27.1,57.1,55,59.2,57.2,41.1,73.3,75.5,71.3,79.6,75,70.8,79.2,,,,,81.6,81.1,82.1,71.2,67.6,74.7,small area estimate
194,csa_la_reseda,Los Angeles - Reseda,Los Angeles - Reseda,Los Angeles City Neighborhood,79.7,78.6,80.7,732.3,675.9,788.7,522.5,474,570.9,14.9,11.9,17.9,small area estimate,76990,71458,82522,9305,12.7,21825,29.9,2372,16.5,5808,40.5,0,10810,11273,14096,15421,20.9,19,22.9,21.8,20,23.6,27.3,25.3,29.3,29.9,27.8,32,51.9,40.4,63.4,31.4,27.2,35.6,36.9,32.6,41.2,,,,,71.3,70.9,71.7,61.6,57.9,65.4,small area estimate
197,csa_la_san_pedro,Los Angeles - San Pedro,Los Angeles - San Pedro,Los Angeles City Neighborhood,79.4,78.1,80.7,693.2,638.9,747.5,225.9,195.3,256.4,12.6,10.1,15,small area estimate,81775,75476,88073,10340,14.2,23574,32.4,3001,20.7,6733,46.5,24.2,9299,13875,16194,16647,16.6,14.8,18.4,24.8,22.6,26.9,28.9,26.9,30.9,29.7,27.9,31.6,57.8,43.4,72.1,36.9,32.5,41.2,44.1,39.6,48.5,,,,,71.6,71.2,72,63.2,59.3,67,small area estimate
199,csa_la_sherman_oaks,Los Angeles - Sherman Oaks,Los Angeles - Sherman Oaks,Los Angeles City Neighborhood,83.1,82,84.1,557.1,512,602.2,192.1,165.1,219.1,8.6,6.5,10.7,small area estimate,116796,110294,123299,5976,7,13386,15.7,1075,7.7,2277,16.4,0,2164,6625,16134,40960,3.3,2.5,4,10.1,8.9,11.3,24.5,22.7,26.3,62.2,60,64.3,74.8,61.5,88,71.9,67.6,76.1,68,63.6,72.3,,,,,81.2,80.9,81.5,70.8,67.1,74.5,small area estimate
200,csa_la_silverlake,Los Angeles - Silverlake,Los Angeles - Silverlake,Los Angeles City Neighborhood,83,81.4,84.7,546,480.8,611.3,219.3,177.9,260.7,13.3,10.8,15.8,small area estimate,108745,100657,116834,3509,8.8,8345,21,562,10.6,1302,24.5,0,3460,3624,6629,20422,10.1,8.5,11.8,10.6,8.9,12.3,19.4,17.4,21.5,59.8,57,62.6,81.7,62.5,100.8,59.2,52.6,65.7,54.1,47.5,60.7,,,,,79.8,79.4,80.2,61.8,58,65.6,small area estimate
202,csa_la_south_park,Los Angeles - South Park,Los Angeles - South Park,Los Angeles City Neighborhood,76,73.8,78.2,857.5,738.4,976.7,670.5,559.9,781.2,19.2,15.8,22.6,small area estimate,53321,46134,60509,11253,32,24664,70,4567,45.8,8417,84.4,100,10189,4827,3312,1368,51.7,50.3,53.2,24.5,19.5,29.5,16.8,14.5,19.2,6.9,5,8.9,36.7,23.3,50,23.6,19.4,27.8,27.8,23.4,32.2,,,,,52,51.2,52.8,49.8,44.4,55.2,small area estimate
204,csa_la_studio_city,Los Angeles - Studio City,Los Angeles - Studio City,Los Angeles City Neighborhood,82.6,80.6,84.7,574,485.4,662.7,249,190.7,307.3,7.4,5.3,9.4,small area estimate,134860,113050,156671,1255,5.8,2997,13.9,152,4.2,523,14.6,0,608,1095,4153,11179,3.6,2,5.2,6.4,4.2,8.7,24.4,18.6,30.2,65.6,62.7,68.5,87.9,74.1,101.8,78.9,72.2,85.6,79.9,73.3,86.4,,,,,83.6,83,84.2,72.2,68.4,75.9,small area estimate
205,csa_la_sun_valley,Los Angeles - Sun Valley,Los Angeles - Sun Valley,Los Angeles City Neighborhood,79.1,77.6,80.6,728.4,656.1,800.7,431.2,374.5,488,13.1,10.3,16,small area estimate,71354,65593,77114,4703,9.5,12433,25.1,1398,13.8,3738,36.8,0,10859,7850,8724,5980,32.5,30,35,23.5,21.5,25.5,26.1,24,28.3,17.9,16.3,19.5,51,35.3,66.7,28.3,23.4,33.3,32.9,27.8,38.1,,,,,67.9,67.3,68.5,64.9,60.9,68.9,small area estimate
208,csa_la_sylmar,Los Angeles - Sylmar,Los Angeles - Sylmar,Los Angeles City Neighborhood,80,78.8,81.2,680.5,622.4,738.6,497.5,445.4,549.6,10.8,8.3,13.4,small area estimate,92265,86248,98282,10520,13.2,25971,32.5,3460,19,8672,47.5,0,15559,13654,13301,10611,29.3,27.2,31.4,25.7,23.9,27.5,25,23.3,26.8,20,18.4,21.6,46.4,34.9,57.9,40.1,36.4,43.9,39.6,35.9,43.3,,,,,71.1,70.7,71.5,64.7,59.9,69.5,small area estimate
209,csa_la_tarzana,Los Angeles - Tarzana,Los Angeles - Tarzana,Los Angeles City Neighborhood,81,79.3,82.6,644.5,570.3,718.7,259.1,213.4,304.9,10,7.9,12,small area estimate,128999,119834,138164,2431,8.1,5160,17.2,514,9.4,1032,18.8,0,1574,4107,6598,13962,6,4.3,7.7,15.7,12.9,18.4,25.1,22.2,28.1,53.2,50.3,56.1,62.8,42.7,82.9,53.3,47.4,59.2,53.3,47.4,59.1,,,,,78.8,78.2,79.4,69.3,65.8,72.8,small area estimate
210,csa_la_temple_beaudry,Los Angeles - Temple-Beaudry,Los Angeles - Temple-Beaudry,Los Angeles City Neighborhood,81.9,79.7,84.1,594.2,513.1,675.4,420.1,351.7,488.4,23.3,18.3,28.3,small area estimate,62506,56683,68330,8459,24.7,19106,55.8,2220,36.2,4595,75,51.9,8852,5097,6053,9753,29.7,26.6,32.9,17.1,15,19.3,20.3,18.2,22.5,32.8,30.1,35.4,57.4,39.8,74.9,30.9,25,36.8,33.3,27.4,39.3,,,,,69.2,68.5,69.9,51.9,47.7,56.2,small area estimate
215,csa_la_tujunga,Los Angeles - Tujunga,Los Angeles - Tujunga,Los Angeles City Neighborhood,80.3,78.4,82.1,674.2,590,758.5,336.4,274.7,398.2,13.3,10.5,16.2,small area estimate,81318,70590,92047,3485,13.3,7904,30.1,716,15.9,1605,35.7,0,2852,4284,6479,5658,14.8,10.5,19.1,22.2,19.6,24.9,33.6,30.6,36.6,29.4,26.4,32.3,,,,27.5,20.1,34.8,36.7,28.9,44.5,,,,,69.8,69.1,70.5,63.9,59.8,68,small area estimate
217,csa_la_university_park,Los Angeles - University Park,Los Angeles - University Park,Los Angeles City Neighborhood,,,,534.1,419.9,648.4,562.2,438.2,686.1,18.4,14.9,21.9,small area estimate,30265,26347,34183,10882,43.2,18094,71.8,1926,59.1,2875,88.3,100,3458,1451,1703,3132,35.5,30.7,40.2,14.9,11.8,18,17.5,14.4,20.5,32.1,27.8,36.5,,,,29.7,24.3,35.1,29.6,24.2,35,,,,,48.7,47.7,49.7,42.1,36.6,47.6,small area estimate
218,csa_la_valley_glen,Los Angeles - Valley Glen,Los Angeles - Valley Glen,Los Angeles City Neighborhood,81.3,79.4,83.1,630.8,544.2,717.3,338.7,274.2,403.2,15.2,12.1,18.3,small area estimate,68545,59103,77986,5159,18.6,11926,42.9,1243,23.2,2887,53.8,0,3900,3705,4561,7789,19.5,16.4,22.6,18.6,15.9,21.2,22.9,20.5,25.2,39,36,42,45.3,31.9,58.7,38.9,32.3,45.6,36.6,30.3,42.8,,,,,71.7,71,72.4,61.1,57.2,65,small area estimate
219,csa_la_valley_village,Los Angeles - Valley Village,Los Angeles - Valley Village,Los Angeles City Neighborhood,82.7,81,84.4,605.4,513.9,697,367.3,297.7,436.9,10.8,8.1,13.4,small area estimate,85128,73659,96598,2901,12.1,6325,26.5,556,14.1,1143,29,0,1247,2388,5295,10009,6.6,4.5,8.7,12.6,9.9,15.4,28,23.1,32.8,52.8,48.8,56.9,,,,75.5,68.9,82.1,75,68.5,81.5,,,,,79.2,78.6,79.8,64.3,60.1,68.5,small area estimate
220,csa_la_van_nuys,Los Angeles - Van Nuys,Los Angeles - Van Nuys,Los Angeles City Neighborhood,79.6,78.4,80.7,706.4,649.7,763,628.5,571.5,685.5,16.7,13.2,20.1,small area estimate,59755,56497,63014,18532,21,42384,48,5523,28.8,12263,63.9,9.4,16094,14728,15307,14366,26.6,24.6,28.6,24.3,22.4,26.3,25.3,23.5,27.1,23.7,22,25.5,41.5,32.3,50.6,29.4,25.8,32.9,32.6,29,36.2,,,,,67.1,66.6,67.6,55.6,51.3,60,small area estimate
221,csa_la_venice,Los Angeles - Venice,Los Angeles - Venice,Los Angeles City Neighborhood,83.9,81.5,86.2,483.3,410.4,556.2,121.9,84.1,159.7,5.9,4.3,7.5,small area estimate,117567,104027,131107,3042,9.4,6802,21,441,10.8,1003,24.6,0,1178,2297,3962,17185,4.8,3.3,6.3,9.3,7.4,11.2,16.1,13.8,18.3,69.8,66.2,73.3,,,,65.4,58.9,71.9,60.8,54.1,67.4,,,,,76.1,75.6,76.6,69.8,66.5,73.2,small area estimate
224,csa_la_vermont_vista,Los Angeles - Vermont Vista,Los Angeles - Vermont Vista,Los Angeles City Neighborhood,72.3,70.6,74,1091.4,969.9,1212.9,516.9,430.7,603.2,18.4,15.2,21.5,small area estimate,50719,43898,57539,14129,36.2,29970,76.8,5594,49.3,10091,88.9,100,9808,6560,4574,1538,43.6,39.9,47.4,29.2,25.6,32.7,20.3,17.8,22.9,6.8,5.2,8.5,30.3,14.1,46.5,30.2,25.8,34.5,37.8,33.3,42.4,,,,,50.6,49.9,51.3,50.6,46,55.2,small area estimate
225,csa_la_vernon_central,Los Angeles - Vernon Central,Los Angeles - Vernon Central,Los Angeles City Neighborhood,76.9,75.1,78.6,843.5,739,948.1,698.5,604.2,792.7,20.2,16.3,24.1,small area estimate,52845,45973,59718,13985,29.3,33186,69.5,5679,41.6,12090,88.5,90.2,16408,5696,4459,2057,57.3,54.8,59.9,19.9,17.9,21.9,15.6,13.6,17.6,7.2,5.4,8.9,39.7,27.2,52.1,20.8,17.8,23.9,25.5,22.2,28.7,,,,,53.9,53.2,54.6,51.3,45,57.5,small area estimate
228,csa_la_watts,Los Angeles - Watts,Los Angeles - Watts,Los Angeles City Neighborhood,74.2,72,76.4,935,820.1,1050,637.5,535.8,739.2,16.6,13.6,19.7,small area estimate,45982,41555,50410,14499,35.2,29391,71.4,6226,49.3,10693,84.7,100,10312,6618,4742,1379,44.7,41.4,48.1,28.7,25.7,31.7,20.6,17.9,23.3,6,4.4,7.6,45.1,32.5,57.8,23.7,20.1,27.2,27.2,23.5,30.9,,,,,43.2,42.5,43.9,53.7,49.1,58.2,small area estimate
230,csa_la_west_adams,Los Angeles - West Adams,Los Angeles - West Adams,Los Angeles City Neighborhood,77.2,75.2,79.1,833.5,730.4,936.6,675,580,770,19.3,15.9,22.8,small area estimate,47068,38294,55842,6542,25.8,14694,57.9,1721,36,3721,77.7,79.7,5692,4178,4497,4130,30.8,27.8,33.7,22.6,20,25.2,24.3,20.2,28.5,22.3,19.5,25.2,44,23,64.9,28.3,22,34.6,36.7,30,43.4,,,,,63.4,62.6,64.2,51.8,46.9,56.6,small area estimate
231,csa_la_west_hills,Los Angeles - West Hills,Los Angeles - West Hills,Los Angeles City Neighborhood,81.1,79.7,82.4,686.6,618.3,754.8,269.6,228.8,310.4,9.5,7.6,11.5,small area estimate,132398,122345,142451,2112,5.6,5274,14.1,383,5.7,1095,16.2,0,2103,4604,8898,16596,6.5,5.1,7.9,14.3,12.4,16.2,27.6,25.2,30.1,51.5,48.8,54.3,65.5,51.3,79.7,61.1,56.9,65.2,60.6,56.5,64.8,,,,,80.8,80.3,81.3,72.9,69.7,76.1,small area estimate
232,csa_la_west_los_angeles,Los Angeles - West Los Angeles,Los Angeles - West Los Angeles,Los Angeles City Neighborhood,84.9,83,86.7,462.9,394.9,530.9,233.4,183.5,283.3,6.2,4.4,8,small area estimate,101652,89921,113382,4236,11.7,9378,25.9,528,12.8,1225,29.7,0,1410,2439,4875,20319,4.9,3.2,6.5,8.4,6.5,10.3,16.8,14.3,19.3,70,66.6,73.3,53.9,27.6,80.3,61.3,53.9,68.7,60.7,53.3,68.1,,,,,77,76.5,77.5,64.7,60.8,68.6,small area estimate
233,csa_la_west_vernon,Los Angeles - West Vernon,Los Angeles - West Vernon,Los Angeles City Neighborhood,74.5,73,76,992.1,895.9,1088.4,612.1,537.9,686.4,15.8,13,18.6,small area estimate,61348,55372,67325,11293,22.9,26102,53,3879,33.1,8467,72.2,67.4,15750,9178,8055,4377,42.2,39.6,44.7,24.6,22.5,26.6,21.6,19.7,23.4,11.7,9.9,13.6,44.9,30.9,58.9,27,21.9,32.2,25.6,20.6,30.6,,,,,57.7,57.1,58.3,55.3,50.8,59.9,small area estimate
234,csa_la_westchester,Los Angeles - Westchester,Los Angeles - Westchester,Los Angeles City Neighborhood,83.7,82.5,84.9,536.8,477.6,596,162.8,129.3,196.2,5.1,3.6,6.5,small area estimate,133352,122878,143826,2608,5.2,6402,12.8,436,6.1,1010,14.1,0,968,2706,9414,22617,2.7,1.7,3.8,7.6,6.3,8.8,26.4,23.5,29.2,63.3,61.1,65.6,62.3,46.3,78.3,58.6,53,64.3,58.8,53.2,64.4,,,,,79.6,79.2,80,70.5,67.1,73.9,small area estimate
235,csa_la_westlake,Los Angeles - Westlake,Los Angeles - Westlake,Los Angeles City Neighborhood,76.1,74.4,77.9,859.3,780.4,938.1,834.2,753.4,915.1,35,24.8,45.2,small area estimate,40957,37470,44444,18794,34.3,37785,69,6097,53.4,9451,82.8,92.7,16444,7443,6771,9249,41.2,38.1,44.3,18.7,16.6,20.7,17,15.3,18.6,23.2,20.7,25.7,43,29.1,56.8,25.1,21,29.1,32.4,28.1,36.7,,,,,63.2,62.5,63.9,43.6,38.3,49,small area estimate
236,csa_la_westwood,Los Angeles - Westwood,Los Angeles - Westwood,Los Angeles City Neighborhood,84.4,83.3,85.6,537.1,475.1,599.2,91.6,68.2,114.9,6.9,4.7,9,small area estimate,62736,55540,69931,11049,20,17844,32.3,788,17.8,1395,31.4,23.5,966,2063,3250,18710,3.9,2,5.8,8.3,5.6,10.9,13,11.3,14.7,74.9,71.9,77.8,83.4,73.6,93.1,84.9,79.3,90.5,85.5,80.1,90.8,,,,,71.1,70.6,71.6,61.3,57.2,65.5,small area estimate
237,csa_la_wholesale_district,Los Angeles - Wholesale District,Los Angeles - Wholesale District,Los Angeles City Neighborhood,73.9,71.3,76.6,879.6,788.1,971.1,527.8,448.9,606.7,23.6,19.8,27.4,small area estimate,63657,53310,74004,11654,29.9,20085,51.5,1892,42.8,3326,75.2,63.9,9298,7169,7300,7116,30.1,27.1,33.2,23.2,20.2,26.2,23.6,21.2,26,23,20.6,25.5,,,,34,30.2,37.7,38.2,34.3,42,,,,,54,53.3,54.7,47.3,42.4,52.3,small area estimate
238,csa_la_wilmington,Los Angeles - Wilmington,Los Angeles - Wilmington,Los Angeles City Neighborhood,76.8,75.3,78.3,827.3,739.4,915.3,347.7,293.1,402.2,18.1,14.2,21.9,small area estimate,60221,53578,66864,10164,20.2,24930,49.6,3856,30.2,8763,68.7,42.6,12753,9393,7362,2524,39.8,37.1,42.6,29.3,27.2,31.5,23,21.1,24.9,7.9,6.6,9.2,52.1,39.7,64.5,27.9,24.3,31.5,30.2,26.5,33.9,,,,,59.9,59.3,60.5,54.9,49.7,60.2,small area estimate
239,csa_la_wilshire_center,Los Angeles - Wilshire Center,Los Angeles - Wilshire Center,Los Angeles City Neighborhood,85.7,83.3,88.2,467.4,408.8,526.1,333.9,282.3,385.5,22.8,18.7,27,small area estimate,51729,47270,56187,10006,21,22602,47.5,2308,29.6,5013,64.2,48.6,8689,5757,6798,12541,25.7,23.1,28.3,17,14.7,19.3,20.1,18,22.3,37.1,33.8,40.5,49.5,29.5,69.6,48.7,44.5,52.9,50.4,46.3,54.4,,,,,66.9,66.3,67.5,46.8,41.9,51.7,small area estimate
240,csa_la_winnetka,Los Angeles - Winnetka,Los Angeles - Winnetka,Los Angeles City Neighborhood,79.1,77.8,80.3,770.6,693.3,847.9,294.2,246,342.4,15.6,12.4,18.8,small area estimate,80142,71889,88394,8724,18.2,19948,41.7,2306,24,5280,54.8,0,7750,7797,8367,9928,22.9,20.5,25.3,23,20.8,25.3,24.7,22.7,26.7,29.3,27.1,31.5,50.6,38.4,62.8,41.3,36.7,45.9,37.6,33.1,42.1,,,,,72.8,72.3,73.3,62.7,59,66.4,small area estimate
241,csa_la_woodland_hills,Los Angeles - Woodland Hills,Los Angeles - Woodland Hills,Los Angeles City Neighborhood,82.9,81.8,84,571.4,525,617.8,149.8,126.4,173.1,9,7.1,10.9,small area estimate,121974,112933,131015,5937,8.5,13117,18.7,1113,8.6,2486,19.3,0,1897,6301,12757,26725,4,3,5,13.2,11.4,15,26.8,24.6,29,56.1,53.7,58.4,67,56.5,77.5,55.6,51.2,60.1,55.9,51.4,60.3,,,,,79.6,79.2,80,73.7,70.3,77.1,small area estimate
244,csa_unincorp_altadena,Unincorporated - Altadena,Unincorporated - Altadena,Unincorporated Los Angeles County,82.1,80.7,83.6,592.2,530.3,654,209.3,172.5,246.1,10,8,11.9,small area estimate,132447,119110,145784,2474,6,5384,13,541,7.2,1254,16.8,0,2473,4371,8083,16387,7.9,6.1,9.7,14,11.6,16.3,25.8,23.1,28.5,52.3,50.1,54.5,73.2,56.4,90,47.6,42.4,52.8,51.3,46,56.5,,,,,80.4,80,80.8,74.5,71.3,77.6,small area estimate
249,csa_unincorp_athens_westmont,Unincorporated - Athens-Westmont,Unincorporated - Athens-Westmont,Unincorporated Los Angeles County,74.8,73.1,76.4,933.5,838.3,1028.8,428.9,363.3,494.6,16.7,13.3,20.2,small area estimate,57499,50577,64421,10734,25.1,23361,54.6,3917,35.6,8057,73.2,71.5,7477,7659,8209,3510,27.8,25,30.7,28.5,25.6,31.4,30.6,28.1,33,13.1,11.1,15.1,31.6,18.1,45.1,17.6,13.5,21.8,23.9,19.3,28.6,,,,,58.3,57.7,58.9,58.1,53.1,63.1,small area estimate
257,csa_unincorp_castaic,Unincorporated - Castaic,Unincorporated - Castaic,Unincorporated Los Angeles County,82.6,80.8,84.4,613.6,493.3,733.9,212.1,141.9,282.4,5.7,4.1,7.2,small area estimate,110564,101882,119246,648,2.5,1651,6.3,162,3.6,397,8.8,0,2478,3570,5471,5523,14.5,12.4,16.7,20.9,18.5,23.4,32.1,29,35.3,32.4,29.2,35.6,50.8,30.1,71.5,44.3,38,50.5,47.8,41.5,54,,,,,83.2,82.6,83.8,75.2,71.3,79.1,small area estimate
271,csa_unincorp_east_los_angeles,Unincorporated - East Los Angeles,Unincorporated - East Los Angeles,Unincorporated Los Angeles County,79.1,78,80.2,716.8,665.9,767.7,558.2,513.3,603.1,16.4,13.7,19.1,small area estimate,64437,60452,68422,20650,17.7,52156,44.6,7474,26.1,18197,63.5,30.3,33725,18651,15364,8471,44.3,42.4,46.1,24.5,22.7,26.2,20.2,18.9,21.4,11.1,10,12.2,40.4,31.2,49.5,29.9,27.5,32.3,33.3,30.9,35.8,,,,,65.2,64.8,65.6,56.4,52.4,60.3,small area estimate
278,csa_unincorp_florence_firestone,Unincorporated - Florence-Firestone,Unincorporated - Florence-Firestone,Unincorporated Los Angeles County,76.2,74.7,77.8,853.8,767.9,939.8,649.5,574.6,724.4,18.5,15.4,21.6,small area estimate,57402,52958,61846,14438,23.5,35053,57,5820,33.6,13325,76.9,68.2,19755,8793,6185,2553,53,50.7,55.2,23.6,21.1,26.1,16.6,14.7,18.5,6.8,5.7,8,42.5,30,54.9,27,23.8,30.1,33.4,30,36.8,,,,,56.2,55.6,56.8,54,49.7,58.4,small area estimate
281,csa_unincorp_hacienda_heights,Unincorporated - Hacienda Heights,Unincorporated - Hacienda Heights,Unincorporated Los Angeles County,81.4,79.9,82.9,611.4,556.6,666.2,190.8,160.5,221,12.3,10,14.6,small area estimate,104081,97051,111112,4298,8.2,9893,18.9,990,10.7,2250,24.3,0,5495,9142,11325,14121,13.7,12.2,15.3,22.8,20.8,24.8,28.3,25.8,30.7,35.2,33.5,36.9,41.5,25,58,59.2,55.3,63.2,64.8,60.9,68.6,,,,,76.6,76.1,77.1,60.5,55.8,65.2,small area estimate
309,csa_unincorp_northeast_san_gabriel,Unincorporated - Northeast San Gabriel,Unincorporated - Northeast San Gabriel,Unincorporated Los Angeles County,83.8,82,85.6,534.6,452.6,616.7,160.2,115.8,204.5,12.8,10.8,14.9,small area estimate,95675,85823,105526,2060,9.3,4859,22,458,11.4,1041,25.9,0,2560,4481,5239,9158,11.9,9.3,14.6,20.9,18.1,23.7,24.4,21.7,27.1,42.7,39.8,45.7,63.3,44.6,82,66.2,58.4,74,76.2,69.2,83.2,,,,,77.6,76.9,78.3,60.2,56.5,63.9,small area estimate
323,csa_unincorp_rowland_heights,Unincorporated - Rowland Heights,Unincorporated - Rowland Heights,Unincorporated Los Angeles County,81.4,80,82.8,626.7,566.4,687,187.8,155.4,220.2,16.1,13.2,18.9,small area estimate,96241,88355,104127,4792,10.2,11270,23.9,1037,12.7,2560,31.4,0,5408,8891,8970,14586,14.3,12.4,16.2,23.5,21.3,25.7,23.7,21.7,25.7,38.5,36.2,40.8,53.1,39,67.3,50.7,45.6,55.8,54.7,49.6,59.7,,,,,74.5,74,75,53.6,47.6,59.6,small area estimate
337,csa_unincorp_south_whittier,Unincorporated - South Whittier,Unincorporated - South Whittier,Unincorporated Los Angeles County,79.6,78.3,81,718.3,645.4,791.1,379,327.7,430.4,10.6,8.4,12.8,small area estimate,98016,91819,104212,4512,8.1,11713,21.1,1487,11.9,3875,31,0,6264,12134,12144,6530,16.9,14.8,19,32.7,30,35.4,32.8,30.6,34.9,17.6,15.8,19.4,40.9,26.7,55.1,47.4,42.9,52,48.8,44.3,53.3,,,,,73,72.5,73.5,69.9,66,73.8,small area estimate
339,csa_unincorp_stevenson_ranch,Unincorporated - Stevenson Ranch,Unincorporated - Stevenson Ranch,Unincorporated Los Angeles County,84.4,82.1,86.8,516.4,405.3,627.4,119.4,65.7,173,4.8,3.2,6.5,small area estimate,148208,123189,173227,1018,4.8,2296,10.8,241,5.4,541,12.1,0,426,1605,4137,7525,3.1,1.5,4.7,11.7,8.2,15.3,30.2,25.9,34.5,55,49.2,60.7,58.6,41.5,75.7,77.8,72.6,82.9,84.5,80.1,89,,,,,83.2,82.6,83.8,70.3,66.8,73.9,small area estimate
345,csa_unincorp_valinda,Unincorporated - Valinda,Unincorporated - Valinda,Unincorporated Los Angeles County,80,77.8,82.2,694.2,583.9,804.6,476.5,385.8,567.2,13.3,11,15.5,small area estimate,99260,88184,110337,1745,7.9,4480,20.3,540,11.3,1413,29.6,0,4766,5331,4200,2990,27.6,24.1,31,30.8,28,33.6,24.3,21.9,26.7,17.3,15.1,19.5,51,26.8,75.1,32.3,25.7,38.9,29.7,23.2,36.1,,,,,70.1,69.3,70.9,66.1,62,70.1,small area estimate
350,csa_unincorp_west_carson,Unincorporated - West Carson,Unincorporated - West Carson,Unincorporated Los Angeles County,80.8,78.4,83.1,658.6,575.1,742,570.7,492.2,649.2,11.2,8.6,13.7,small area estimate,91513,76532,106494,1792,8.1,4307,19.4,361,10.6,887,26,0,2450,4234,4723,6149,14,10.3,17.6,24.1,19.4,28.9,26.9,23.8,30,35,31.6,38.5,49.2,31.1,67.2,41.6,33.4,49.7,50,41.8,58.2,,,,,73.3,72.6,74,64.2,59.5,68.9,small area estimate
355,csa_unincorp_west_whittier_los_nietos,Unincorporated - West Whittier/Los Nietos,Unincorporated - West Whittier/Los Nietos,Unincorporated Los Angeles County,77.3,75.4,79.2,845.7,739,952.5,436.5,360.8,512.1,11.4,8.9,13.8,small area estimate,87346,79579,95113,2591,10.1,6685,26,836,15.4,2148,39.7,0,4927,5577,5842,3343,25,21.6,28.4,28.3,25,31.6,29.7,26.5,32.9,17,14.7,19.3,,,,44.9,39.4,50.3,48.3,42.8,53.8,,,,,73.8,73.1,74.5,68.2,64,72.4,small area estimate
361,csa_unincorp_willowbrook,Unincorporated - Willowbrook,Unincorporated - Willowbrook,Unincorporated Los Angeles County,75.2,73.3,77.1,891.9,784.9,998.9,492,411.1,572.9,14.8,12,17.5,small area estimate,62005,51116,72894,7180,20.4,16109,45.8,2674,28.7,5505,59,40,6964,4479,5304,2622,36,32.3,39.6,23.1,19.3,27,27.4,23.9,30.9,13.5,10.7,16.3,52.1,29.7,74.6,30.5,25.9,35.2,38,33.1,42.8,,,,,59.7,59,60.4,61.7,57.2,66.2,small area estimate
363,lacd_1,1,Council District 1,Los Angeles City Council District,81,80.2,81.8,635.6,605,666.3,503.7,475.9,531.6,24.1,19.3,28.9,small area estimate,60747,57964,63531,59470,24.2,132559,53.8,16880,36.8,32503,70.9,61.1,61953,36556,34821,52617,33.3,32.1,34.5,19.7,18.7,20.6,18.7,17.9,19.6,28.3,27.1,29.4,52.3,44,60.5,35.3,33.2,37.3,38.8,36.7,40.8,,,,,68.7,68.4,69,49.3,45.2,53.4,small area estimate
364,lacd_2,2,Council District 2,Los Angeles City Council District,80.8,80.1,81.4,676.2,644.3,708.1,376.3,352.3,400.3,13.8,10.9,16.7,small area estimate,71657,69044,74271,37780,15.3,87061,35.3,8793,19.8,20608,46.3,4.9,32571,34771,50220,63412,18,17,19,19.2,18.2,20.2,27.7,26.7,28.8,35,33.9,36.2,51.8,44.6,58.9,40.9,38.6,43.2,42.9,40.6,45.1,,,,,72.5,72.3,72.7,59.5,55.5,63.5,small area estimate
365,lacd_3,3,Council District 3,Los Angeles City Council District,80.5,79.9,81.1,667.8,639.1,696.5,336.7,315.7,357.7,12.6,10.2,15,small area estimate,94377,90687,98066,31543,12.8,72628,29.4,7910,16.3,18540,38.2,0,28343,35130,48519,69786,15.6,14.6,16.6,19.3,18.3,20.3,26.7,25.6,27.8,38.4,37.3,39.5,53.4,47.1,59.8,42.7,40.4,45,43.1,40.8,45.4,,,,,74.9,74.7,75.1,66.1,62.8,69.5,small area estimate
366,lacd_4,4,Council District 4,Los Angeles City Council District,83,82.4,83.6,555.3,530.3,580.4,210.5,194.9,226,9.7,8.1,11.4,small area estimate,114748,110522,118974,20985,8.2,48212,18.8,3641,9,8704,21.5,0.9,12111,23343,46593,120759,6,5.4,6.5,11.5,10.7,12.3,23,21.9,24,59.5,58.4,60.7,72.6,66.3,78.8,65.6,63.2,68.1,67.5,65.1,69.9,,,,,79.4,79.2,79.6,68.4,65.7,71.1,small area estimate
367,lacd_5,5,Council District 5,Los Angeles City Council District,84.2,83.6,84.8,503.2,478.6,527.7,209.5,193.7,225.3,8.1,6.7,9.4,small area estimate,106970,102871,111069,27680,10.7,55857,21.6,3244,9.1,7196,20.3,8.1,8741,16272,30255,123049,4.9,4.3,5.5,9.1,8.4,9.9,17,16.1,17.9,69,67.9,70.1,74.8,70.1,79.5,71.2,68.7,73.8,72,69.4,74.5,,,,,77.4,77.2,77.6,65.6,62.8,68.3,small area estimate
368,lacd_6,6,Council District 6,Los Angeles City Council District,79.9,79.1,80.6,676.5,643.9,709,528.8,498.6,559,15.8,12.7,19,small area estimate,67411,64895,69928,44916,17.9,105211,41.8,14399,26,31476,56.9,12.2,54738,41655,39650,34124,32.2,31,33.4,24.5,23.5,25.5,23.3,22.4,24.2,20.1,19.2,20.9,37.7,32.4,42.9,32,30,34,34.6,32.7,36.6,,,,,67.9,67.6,68.2,57.5,53.1,61.8,small area estimate
369,lacd_7,7,Council District 7,Los Angeles City Council District,79.3,78.6,79.9,718.2,686.3,750.2,481.2,454.3,508.2,12.5,9.8,15.3,small area estimate,84143,80917,87369,35526,13.8,86607,33.5,11441,20.3,27606,48.9,6.9,50340,43657,45321,35072,28.9,27.7,30,25,24.1,26,26,25,27,20.1,19.3,21,46.2,40,52.5,35.8,33.8,37.7,37.4,35.5,39.4,,,,,69.4,69.2,69.6,64.4,60,68.7,small area estimate
370,lacd_8,8,Council District 8,Los Angeles City Council District,73.8,73.2,74.5,1008,967.1,1049,418.8,392.1,445.4,15.9,13.1,18.6,small area estimate,56303,53438,59167,61560,25.3,132734,54.6,20449,36.3,39872,70.8,50.2,53448,41570,43433,25770,32.5,31.3,33.8,25.3,23.9,26.7,26.4,25.4,27.5,15.7,14.8,16.6,37.7,31.3,44,25.8,23.8,27.7,28.3,26.4,30.3,,,,,60,59.8,60.2,56.4,52,60.8,small area estimate
371,lacd_9,9,Council District 9,Los Angeles City Council District,76.8,76,77.6,828.5,785.5,871.6,642.9,604.5,681.3,18.4,15.2,21.6,small area estimate,50877,48493,53260,73571,29.1,161795,64,26452,40.4,53731,82.1,93.5,76238,35047,28674,13040,49.8,48.7,50.9,22.9,21.8,24,18.7,17.8,19.7,8.5,7.8,9.3,37.3,31.5,43.2,24.6,23.1,26.1,28.6,27.1,30.2,,,,,53.1,52.8,53.4,51.1,46,56.2,small area estimate
372,lacd_10,10,Council District 10,Los Angeles City Council District,80,79.4,80.7,667.4,637.8,697,349.2,327.4,371.1,18.1,15.8,20.3,small area estimate,61124,58346,63902,50079,19.6,110965,43.4,12166,26.9,26452,58.5,31,42790,38959,45607,62481,22.5,21.5,23.6,20.5,19.4,21.6,24,23,25,32.9,31.9,33.9,40.8,34.3,47.3,30,27.7,32.2,31.7,29.4,33.9,,,,,68,67.8,68.2,54.9,52,57.8,small area estimate
373,lacd_11,11,Council District 11,Los Angeles City Council District,85.1,84.5,85.7,463.8,440.8,486.7,131.8,119.2,144.4,5.4,3.9,6.9,small area estimate,134221,128802,139639,20018,7.6,45712,17.4,3419,8.8,7537,19.3,2,10002,16228,37575,134593,5,4.4,5.6,8.2,7.6,8.8,18.9,18,19.9,67.8,66.7,69,68,61,75.1,62.1,59.8,64.5,62.8,60.5,65.2,,,,,80,79.8,80.2,70.3,67.1,73.5,small area estimate
374,lacd_12,12,Council District 12,Los Angeles City Council District,81.1,80.5,81.7,653.2,626.4,679.9,253.3,237,269.5,9.6,7.7,11.6,small area estimate,116878,112752,121005,20431,8,47422,18.7,4281,9.4,10468,22.9,1.5,18911,34135,54163,83692,9.9,9.1,10.7,17.9,16.9,18.9,28.4,27.3,29.4,43.8,42.8,44.9,55.1,47.1,63,57.4,55.5,59.4,59.4,57.5,61.3,,,,,77.7,77.5,77.9,69.1,65.9,72.3,small area estimate
375,lacd_13,13,Council District 13,Los Angeles City Council District,81.9,81.2,82.6,570.6,543.8,597.4,340.5,319.6,361.4,17.2,14.3,20.1,small area estimate,71251,68790,73712,41753,16.7,92909,37.1,7499,21.9,17179,50.2,28.6,35631,34530,44241,88589,17.6,16.7,18.4,17,16.1,17.9,21.8,20.9,22.7,43.6,42.5,44.8,58.7,51.2,66.3,38,35.5,40.5,40.4,37.9,42.9,,,,,72.1,71.9,72.3,55.1,51.1,59.1,small area estimate
376,lacd_14,14,Council District 14,Los Angeles City Council District,80.4,79.6,81.3,653.1,624.5,681.7,442.6,417.9,467.2,19.5,16.4,22.5,small area estimate,71675,68759,74591,51468,20.1,112717,44.1,11592,26.4,26774,61,43.1,49962,36676,41547,60756,26.4,25.4,27.5,19.4,18.5,20.3,22,21.1,22.9,32.2,31,33.3,48.7,41.1,56.2,38.6,36.4,40.7,40.6,38.4,42.7,,,,,68.1,67.9,68.3,54.1,49.8,58.4,small area estimate
377,lacd_15,15,Council District 15,Los Angeles City Council District,78.1,77.4,78.8,751.9,717.8,786,307.2,285.2,329.2,14.7,12.5,16.9,small area estimate,70318,67431,73205,49053,19.6,109973,43.9,17738,29.6,36728,61.4,42.4,46093,43922,44760,35877,27,25.9,28.1,25.7,24.6,26.8,26.2,25.2,27.2,21,20.1,22,48.3,41.7,54.9,30.7,28.8,32.6,35.8,33.9,37.7,,,,,63.3,63,63.6,59.5,56.2,62.9,small area estimate
